X,Y,Z,ms,Date
0,3,9,8,2018-07-25 07:32:01:602
-1,4,9,508,2018-07-25 07:32:02:102
-1,4,9,1007,2018-07-25 07:32:02:601
-1,4,9,1507,2018-07-25 07:32:03:101
-1,4,8,2007,2018-07-25 07:32:03:601
-4,5,8,2508,2018-07-25 07:32:04:102
-3,5,8,3007,2018-07-25 07:32:04:601
-2,5,8,3508,2018-07-25 07:32:05:102
-6,7,7,4007,2018-07-25 07:32:05:601
-12,-6,2,4507,2018-07-25 07:32:06:101
-7,-1,-1,5007,2018-07-25 07:32:06:601
-15,-5,0,5508,2018-07-25 07:32:07:102
-3,-9,8,6008,2018-07-25 07:32:07:602
0,-9,-1,6507,2018-07-25 07:32:08:101
-1,-11,0,7008,2018-07-25 07:32:08:602
0,-10,1,7508,2018-07-25 07:32:09:102
2,-10,0,8008,2018-07-25 07:32:09:602
2,-10,0,8507,2018-07-25 07:32:10:101
2,-9,0,9007,2018-07-25 07:32:10:601
-1,-10,-1,9508,2018-07-25 07:32:11:102
0,-10,0,10007,2018-07-25 07:32:11:601
1,-10,0,10508,2018-07-25 07:32:12:102
1,-10,0,11008,2018-07-25 07:32:12:602
1,-10,0,11507,2018-07-25 07:32:13:101
1,-10,-1,12007,2018-07-25 07:32:13:601
0,-10,0,12507,2018-07-25 07:32:14:101
1,-10,-1,13007,2018-07-25 07:32:14:601
1,-10,-1,13508,2018-07-25 07:32:15:102
1,-10,-1,14007,2018-07-25 07:32:15:601
1,-10,-1,14507,2018-07-25 07:32:16:101
1,-10,-1,15008,2018-07-25 07:32:16:602
1,-10,-1,15508,2018-07-25 07:32:17:102
1,-10,-1,16008,2018-07-25 07:32:17:602
1,-10,-1,16508,2018-07-25 07:32:18:102
1,-8,-1,17007,2018-07-25 07:32:18:601
1,-10,-1,17508,2018-07-25 07:32:19:102
1,-10,-1,18007,2018-07-25 07:32:19:601
1,-10,-1,18508,2018-07-25 07:32:20:102
1,-10,-1,19007,2018-07-25 07:32:20:601
1,-10,-1,19507,2018-07-25 07:32:21:101
1,-10,-1,20008,2018-07-25 07:32:21:602
1,-10,-1,20507,2018-07-25 07:32:22:101
1,-10,-1,21008,2018-07-25 07:32:22:602
1,-10,-1,21508,2018-07-25 07:32:23:102
1,-10,-1,22008,2018-07-25 07:32:23:602
1,-10,-1,22508,2018-07-25 07:32:24:102
1,-10,0,23007,2018-07-25 07:32:24:601
1,-10,-1,23507,2018-07-25 07:32:25:101
1,-10,-1,24007,2018-07-25 07:32:25:601
1,-10,-1,24507,2018-07-25 07:32:26:101
1,-10,-1,25007,2018-07-25 07:32:26:601
1,-10,-1,25508,2018-07-25 07:32:27:102
1,-10,-1,26008,2018-07-25 07:32:27:602
1,-10,-1,26508,2018-07-25 07:32:28:102
1,-10,-1,27007,2018-07-25 07:32:28:601
1,-10,-1,27508,2018-07-25 07:32:29:102
1,-10,-1,28007,2018-07-25 07:32:29:601
1,-10,-1,28508,2018-07-25 07:32:30:102
1,-10,0,29007,2018-07-25 07:32:30:601
1,-10,-1,29507,2018-07-25 07:32:31:101
1,-10,-1,30007,2018-07-25 07:32:31:601
0,-10,-1,30508,2018-07-25 07:32:32:102
0,-10,-1,31007,2018-07-25 07:32:32:601
2,-11,-1,31508,2018-07-25 07:32:33:102
1,-9,3,32008,2018-07-25 07:32:33:602
0,-10,-1,32508,2018-07-25 07:32:34:102
0,-10,1,33007,2018-07-25 07:32:34:601
1,-11,-2,33508,2018-07-25 07:32:35:102
6,-14,-3,34008,2018-07-25 07:32:35:602
0,-10,-1,34507,2018-07-25 07:32:36:101
0,-9,1,35007,2018-07-25 07:32:36:601
-1,-11,-2,35507,2018-07-25 07:32:37:101
2,-12,4,36007,2018-07-25 07:32:37:601
3,-6,4,36508,2018-07-25 07:32:38:102
0,-12,8,37008,2018-07-25 07:32:38:602
2,-22,20,37508,2018-07-25 07:32:39:102
0,-10,0,38008,2018-07-25 07:32:39:602
2,-3,-2,38508,2018-07-25 07:32:40:102
0,-10,1,39008,2018-07-25 07:32:40:602
2,-3,-3,39508,2018-07-25 07:32:41:102
0,-7,1,40008,2018-07-25 07:32:41:602
-2,-7,-2,40508,2018-07-25 07:32:42:102
0,-11,3,41007,2018-07-25 07:32:42:601
1,-5,-1,41508,2018-07-25 07:32:43:102
1,-8,-1,42008,2018-07-25 07:32:43:602
4,-13,-3,42507,2018-07-25 07:32:44:101
2,-12,-3,43008,2018-07-25 07:32:44:602
2,-11,2,43508,2018-07-25 07:32:45:102
3,-9,3,44007,2018-07-25 07:32:45:601
-1,-10,-1,44507,2018-07-25 07:32:46:101
0,-10,0,45007,2018-07-25 07:32:46:601
-1,-9,2,45507,2018-07-25 07:32:47:101
1,-7,4,46008,2018-07-25 07:32:47:602
1,-10,-1,46507,2018-07-25 07:32:48:101
2,-5,-1,47008,2018-07-25 07:32:48:602
1,-9,1,47507,2018-07-25 07:32:49:101
-1,-10,-1,48008,2018-07-25 07:32:49:602
3,-10,5,48507,2018-07-25 07:32:50:101
1,-9,2,49008,2018-07-25 07:32:50:602
1,-9,2,49507,2018-07-25 07:32:51:101
1,-9,2,50007,2018-07-25 07:32:51:601
1,-9,2,50507,2018-07-25 07:32:52:101
2,-9,2,51007,2018-07-25 07:32:52:601
2,-9,1,51508,2018-07-25 07:32:53:102
1,-9,1,52008,2018-07-25 07:32:53:602
2,-10,-1,52508,2018-07-25 07:32:54:102
1,-10,0,53008,2018-07-25 07:32:54:602
4,-8,-2,53508,2018-07-25 07:32:55:102
3,-8,0,54007,2018-07-25 07:32:55:601
0,-10,-2,54507,2018-07-25 07:32:56:101
1,-10,-1,55008,2018-07-25 07:32:56:602
0,-10,1,55508,2018-07-25 07:32:57:102
0,-10,3,56008,2018-07-25 07:32:57:602
1,-10,2,56508,2018-07-25 07:32:58:102
0,-12,-2,57007,2018-07-25 07:32:58:601
2,-9,4,57508,2018-07-25 07:32:59:102
-1,-9,2,58007,2018-07-25 07:32:59:601
-2,-11,-4,58507,2018-07-25 07:33:00:101
1,-9,1,59008,2018-07-25 07:33:00:602
1,-10,1,59507,2018-07-25 07:33:01:101
0,-10,-1,60007,2018-07-25 07:33:01:601
2,-9,2,60507,2018-07-25 07:33:02:101
2,-9,2,61008,2018-07-25 07:33:02:602
3,-12,-1,61508,2018-07-25 07:33:03:102
1,-10,3,62007,2018-07-25 07:33:03:601
-1,-9,1,62508,2018-07-25 07:33:04:102
3,-10,2,63008,2018-07-25 07:33:04:602
1,-10,-1,63508,2018-07-25 07:33:05:102
1,-10,1,64007,2018-07-25 07:33:05:601
1,-9,3,64508,2018-07-25 07:33:06:102
0,-10,0,65007,2018-07-25 07:33:06:601
4,-10,-4,65508,2018-07-25 07:33:07:102
2,-9,2,66008,2018-07-25 07:33:07:602
0,-10,0,66508,2018-07-25 07:33:08:102
2,-10,-1,67007,2018-07-25 07:33:08:601
1,-10,-1,67507,2018-07-25 07:33:09:101
1,-10,-1,68008,2018-07-25 07:33:09:602
2,-10,-1,68507,2018-07-25 07:33:10:101
1,-10,-1,69008,2018-07-25 07:33:10:602
1,-10,-1,69508,2018-07-25 07:33:11:102
1,-10,-1,70008,2018-07-25 07:33:11:602
1,-10,-1,70508,2018-07-25 07:33:12:102
1,-10,0,71007,2018-07-25 07:33:12:601
1,-10,0,71507,2018-07-25 07:33:13:101
1,-10,-1,72007,2018-07-25 07:33:13:601
1,-10,-1,72508,2018-07-25 07:33:14:102
2,-9,0,73008,2018-07-25 07:33:14:602
1,-10,0,73508,2018-07-25 07:33:15:102
-1,-10,0,74007,2018-07-25 07:33:15:601
-1,-12,1,74508,2018-07-25 07:33:16:102
1,-9,4,75008,2018-07-25 07:33:16:602
1,-8,1,75507,2018-07-25 07:33:17:101
1,-10,0,76008,2018-07-25 07:33:17:602
1,-10,-1,76508,2018-07-25 07:33:18:102
2,-10,-1,77008,2018-07-25 07:33:18:602
2,-9,0,77508,2018-07-25 07:33:19:102
1,-10,-1,78007,2018-07-25 07:33:19:601
1,-10,-1,78508,2018-07-25 07:33:20:102
1,-10,-1,79007,2018-07-25 07:33:20:601
1,-10,0,79507,2018-07-25 07:33:21:101
1,-10,-1,80008,2018-07-25 07:33:21:602
1,-10,-1,80507,2018-07-25 07:33:22:101
1,-10,0,81007,2018-07-25 07:33:22:601
1,-10,-1,81508,2018-07-25 07:33:23:102
1,-10,0,82007,2018-07-25 07:33:23:601
2,-10,0,82507,2018-07-25 07:33:24:101
2,-10,0,83008,2018-07-25 07:33:24:602
1,-10,-1,83508,2018-07-25 07:33:25:102
1,-10,-1,84007,2018-07-25 07:33:25:601
1,-10,0,84508,2018-07-25 07:33:26:102
2,-10,0,85007,2018-07-25 07:33:26:601
2,-10,0,85508,2018-07-25 07:33:27:102
1,-10,0,86008,2018-07-25 07:33:27:602
2,-10,-1,86507,2018-07-25 07:33:28:101
2,-10,-1,87008,2018-07-25 07:33:28:602
1,-10,-1,87508,2018-07-25 07:33:29:102
1,-10,0,88008,2018-07-25 07:33:29:602
1,-10,-1,88507,2018-07-25 07:33:30:101
2,-10,0,89007,2018-07-25 07:33:30:601
2,-10,1,89508,2018-07-25 07:33:31:102
2,-10,1,90008,2018-07-25 07:33:31:602
2,-9,0,90507,2018-07-25 07:33:32:101
2,-9,1,91007,2018-07-25 07:33:32:601
2,-10,0,91507,2018-07-25 07:33:33:101
2,-10,0,92008,2018-07-25 07:33:33:602
2,-9,0,92508,2018-07-25 07:33:34:102
2,-10,0,93008,2018-07-25 07:33:34:602
2,-10,0,93508,2018-07-25 07:33:35:102
1,-10,0,94008,2018-07-25 07:33:35:602
2,-10,0,94507,2018-07-25 07:33:36:101
2,-10,0,95007,2018-07-25 07:33:36:601
2,-10,0,95508,2018-07-25 07:33:37:102
2,-10,1,96008,2018-07-25 07:33:37:602
2,-10,1,96508,2018-07-25 07:33:38:102
2,-10,1,97007,2018-07-25 07:33:38:601
2,-9,2,97507,2018-07-25 07:33:39:101
2,-10,1,98007,2018-07-25 07:33:39:601
1,-10,-1,98508,2018-07-25 07:33:40:102
1,-10,-1,99007,2018-07-25 07:33:40:601
3,-10,-1,99507,2018-07-25 07:33:41:101
2,-10,0,100007,2018-07-25 07:33:41:601
1,-9,0,100507,2018-07-25 07:33:42:101
0,-10,0,101008,2018-07-25 07:33:42:602
-1,-11,0,101508,2018-07-25 07:33:43:102
-1,-10,0,102007,2018-07-25 07:33:43:601
-2,-11,-2,102507,2018-07-25 07:33:44:101
1,-10,-1,103008,2018-07-25 07:33:44:602
1,-9,1,103508,2018-07-25 07:33:45:102
2,-9,1,104008,2018-07-25 07:33:45:602
1,-10,0,104507,2018-07-25 07:33:46:101
1,-10,0,105008,2018-07-25 07:33:46:602
1,-10,0,105507,2018-07-25 07:33:47:101
1,-10,0,106007,2018-07-25 07:33:47:601
1,-10,-1,106507,2018-07-25 07:33:48:101
1,-10,-1,107007,2018-07-25 07:33:48:601
1,-10,-1,107508,2018-07-25 07:33:49:102
1,-10,-1,108007,2018-07-25 07:33:49:601
0,-10,0,108508,2018-07-25 07:33:50:102
0,-10,1,109007,2018-07-25 07:33:50:601
1,-11,5,109507,2018-07-25 07:33:51:101
-1,-9,2,110008,2018-07-25 07:33:51:602
0,-9,0,110508,2018-07-25 07:33:52:102
6,-13,-2,111007,2018-07-25 07:33:52:601
4,-1,-7,111508,2018-07-25 07:33:53:102
1,-12,1,112007,2018-07-25 07:33:53:601
1,-6,2,112508,2018-07-25 07:33:54:102
1,-8,1,113008,2018-07-25 07:33:54:602
5,-11,4,113507,2018-07-25 07:33:55:101
4,-10,-6,114008,2018-07-25 07:33:55:602
1,-15,0,114508,2018-07-25 07:33:56:102
7,-23,7,115007,2018-07-25 07:33:56:601
-1,-14,-1,115507,2018-07-25 07:33:57:101
3,-4,10,116008,2018-07-25 07:33:57:602
-1,-12,4,116508,2018-07-25 07:33:58:102
-4,-18,12,117008,2018-07-25 07:33:58:602
1,-11,1,117508,2018-07-25 07:33:59:102
6,-4,-3,118008,2018-07-25 07:33:59:602
1,-9,-1,118507,2018-07-25 07:34:00:101
4,-5,-3,119007,2018-07-25 07:34:00:601
1,-9,1,119508,2018-07-25 07:34:01:102
4,-5,-2,120008,2018-07-25 07:34:01:602
1,-8,1,120507,2018-07-25 07:34:02:101
0,-7,-2,121007,2018-07-25 07:34:02:601
-1,-12,-3,121508,2018-07-25 07:34:03:102
2,-12,7,122007,2018-07-25 07:34:03:601
0,-9,4,122507,2018-07-25 07:34:04:101
0,-9,1,123008,2018-07-25 07:34:04:602
0,-10,-1,123507,2018-07-25 07:34:05:101
-1,-10,0,124007,2018-07-25 07:34:05:601
0,-10,0,124508,2018-07-25 07:34:06:102
2,-9,4,125007,2018-07-25 07:34:06:601
0,-10,1,125507,2018-07-25 07:34:07:101
0,-15,-4,126008,2018-07-25 07:34:07:602
-2,-12,2,126507,2018-07-25 07:34:08:101
1,-9,1,127007,2018-07-25 07:34:08:601
-4,-11,1,127508,2018-07-25 07:34:09:102
0,-16,-2,128007,2018-07-25 07:34:09:601
-2,-14,-3,128508,2018-07-25 07:34:10:102
2,-9,2,129008,2018-07-25 07:34:10:602
0,-9,0,129508,2018-07-25 07:34:11:102
-2,-12,-1,130007,2018-07-25 07:34:11:601
0,-10,3,130507,2018-07-25 07:34:12:101
3,-10,-2,131007,2018-07-25 07:34:12:601
2,-9,3,131507,2018-07-25 07:34:13:101
5,-18,3,132007,2018-07-25 07:34:13:601
1,-10,0,132507,2018-07-25 07:34:14:101
0,-10,0,133008,2018-07-25 07:34:14:602
2,-10,2,133507,2018-07-25 07:34:15:101
2,-9,1,134007,2018-07-25 07:34:15:601
1,-10,-1,134507,2018-07-25 07:34:16:101
1,-10,-1,135008,2018-07-25 07:34:16:602
2,-10,0,135508,2018-07-25 07:34:17:102
1,-10,0,136007,2018-07-25 07:34:17:601
2,-10,0,136507,2018-07-25 07:34:18:101
2,-10,0,137008,2018-07-25 07:34:18:602
2,-10,0,137508,2018-07-25 07:34:19:102
2,-10,0,138007,2018-07-25 07:34:19:601
2,-10,0,138507,2018-07-25 07:34:20:101
2,-10,0,139007,2018-07-25 07:34:20:601
2,-10,0,139507,2018-07-25 07:34:21:101
2,-10,0,140007,2018-07-25 07:34:21:601
2,-10,0,140508,2018-07-25 07:34:22:102
2,-10,0,141007,2018-07-25 07:34:22:601
2,-10,0,141508,2018-07-25 07:34:23:102
2,-10,0,142007,2018-07-25 07:34:23:601
2,-10,0,142507,2018-07-25 07:34:24:101
1,-10,0,143007,2018-07-25 07:34:24:601
1,-10,0,143508,2018-07-25 07:34:25:102
2,-10,0,144008,2018-07-25 07:34:25:602
2,-10,0,144507,2018-07-25 07:34:26:101
2,-10,0,145008,2018-07-25 07:34:26:602
2,-10,0,145507,2018-07-25 07:34:27:101
1,-10,0,146007,2018-07-25 07:34:27:601
1,-10,0,146507,2018-07-25 07:34:28:101
1,-9,2,147008,2018-07-25 07:34:28:602
2,-10,1,147507,2018-07-25 07:34:29:101
-1,-10,-1,148007,2018-07-25 07:34:29:601
-2,-10,0,148507,2018-07-25 07:34:30:101
2,-10,1,149008,2018-07-25 07:34:30:602
1,-9,1,149508,2018-07-25 07:34:31:102
2,-9,2,150007,2018-07-25 07:34:31:601
4,-9,2,150508,2018-07-25 07:34:32:102
-2,-13,-1,151007,2018-07-25 07:34:32:601
-8,-7,2,151508,2018-07-25 07:34:33:102
-6,-1,11,152007,2018-07-25 07:34:33:601
1,6,5,152507,2018-07-25 07:34:34:101
2,6,8,153008,2018-07-25 07:34:34:602
-3,4,5,153508,2018-07-25 07:34:35:102
5,5,13,154008,2018-07-25 07:34:35:602
1,-1,15,154508,2018-07-25 07:34:36:102
0,0,9,155008,2018-07-25 07:34:36:602
2,1,7,155508,2018-07-25 07:34:37:102
-1,2,9,156007,2018-07-25 07:34:37:601
0,2,10,156507,2018-07-25 07:34:38:101
-1,1,8,157008,2018-07-25 07:34:38:602
3,2,13,157507,2018-07-25 07:34:39:101
0,4,9,158007,2018-07-25 07:34:39:601
1,4,9,158507,2018-07-25 07:34:40:101
1,4,9,159007,2018-07-25 07:34:40:601
1,4,9,159507,2018-07-25 07:34:41:101
1,3,9,160007,2018-07-25 07:34:41:601
1,4,10,160507,2018-07-25 07:34:42:101
1,3,9,161007,2018-07-25 07:34:42:601
2,3,9,161507,2018-07-25 07:34:43:101
2,3,9,162008,2018-07-25 07:34:43:602
1,3,10,162508,2018-07-25 07:34:44:102
1,3,10,163008,2018-07-25 07:34:44:602
1,3,9,163508,2018-07-25 07:34:45:102
1,3,9,164008,2018-07-25 07:34:45:602
2,4,9,164508,2018-07-25 07:34:46:102
4,2,9,165007,2018-07-25 07:34:46:601
1,3,10,165507,2018-07-25 07:34:47:101
4,4,7,166007,2018-07-25 07:34:47:601
3,5,9,166507,2018-07-25 07:34:48:101
1,3,9,167008,2018-07-25 07:34:48:602
2,1,9,167507,2018-07-25 07:34:49:101
1,1,8,168008,2018-07-25 07:34:49:602
6,1,8,168508,2018-07-25 07:34:50:102
8,1,-1,169007,2018-07-25 07:34:50:601
5,0,-4,169508,2018-07-25 07:34:51:102
8,-2,-5,170008,2018-07-25 07:34:51:602
7,0,-6,170507,2018-07-25 07:34:52:101
9,-3,-7,171007,2018-07-25 07:34:52:601
6,2,12,171507,2018-07-25 07:34:53:101
2,5,5,172008,2018-07-25 07:34:53:602
0,9,-2,172507,2018-07-25 07:34:54:101
0,9,5,173008,2018-07-25 07:34:54:602
1,8,5,173507,2018-07-25 07:34:55:101
1,8,6,174007,2018-07-25 07:34:55:601
0,6,11,174507,2018-07-25 07:34:56:101
2,5,8,175008,2018-07-25 07:34:56:602
1,5,8,175508,2018-07-25 07:34:57:102
1,5,9,176007,2018-07-25 07:34:57:601
1,5,8,176508,2018-07-25 07:34:58:102
1,5,8,177008,2018-07-25 07:34:58:602
1,5,8,177508,2018-07-25 07:34:59:102
1,6,9,178007,2018-07-25 07:34:59:601
1,5,9,178508,2018-07-25 07:35:00:102
1,5,9,179008,2018-07-25 07:35:00:602
1,5,8,179508,2018-07-25 07:35:01:102
1,5,8,180008,2018-07-25 07:35:01:602
1,5,8,180510,2018-07-25 07:35:02:104
1,5,8,181007,2018-07-25 07:35:02:601
1,5,8,181507,2018-07-25 07:35:03:101
1,5,9,182008,2018-07-25 07:35:03:602
1,5,7,182508,2018-07-25 07:35:04:102
6,7,7,183007,2018-07-25 07:35:04:601
1,6,8,183507,2018-07-25 07:35:05:101
1,4,11,184007,2018-07-25 07:35:05:601
1,6,8,184507,2018-07-25 07:35:06:101
1,4,6,185007,2018-07-25 07:35:06:601
1,7,3,185508,2018-07-25 07:35:07:102
2,4,9,186008,2018-07-25 07:35:07:602
2,5,8,186509,2018-07-25 07:35:08:103
3,6,8,187008,2018-07-25 07:35:08:602
3,4,8,187508,2018-07-25 07:35:09:102
4,6,5,188007,2018-07-25 07:35:09:601
4,6,7,188507,2018-07-25 07:35:10:101
6,3,10,189008,2018-07-25 07:35:10:602
3,3,8,189508,2018-07-25 07:35:11:102
3,1,7,190008,2018-07-25 07:35:11:602
3,0,11,190507,2018-07-25 07:35:12:101
4,2,13,191007,2018-07-25 07:35:12:601
0,7,6,191507,2018-07-25 07:35:13:101
2,7,10,192007,2018-07-25 07:35:13:601
1,8,8,192507,2018-07-25 07:35:14:101
1,8,8,193007,2018-07-25 07:35:14:601
2,8,8,193507,2018-07-25 07:35:15:101
1,7,6,194008,2018-07-25 07:35:15:602
-1,8,5,194508,2018-07-25 07:35:16:102
1,5,8,195008,2018-07-25 07:35:16:602
0,8,6,195508,2018-07-25 07:35:17:102
4,6,10,196008,2018-07-25 07:35:17:602
0,7,12,196507,2018-07-25 07:35:18:101
2,6,10,197007,2018-07-25 07:35:18:601
1,8,8,197508,2018-07-25 07:35:19:102
3,7,8,198008,2018-07-25 07:35:19:602
2,9,7,198508,2018-07-25 07:35:20:102
3,8,8,199008,2018-07-25 07:35:20:602
2,9,7,199507,2018-07-25 07:35:21:101
3,8,11,200007,2018-07-25 07:35:21:601
2,8,12,200507,2018-07-25 07:35:22:101
2,6,9,201008,2018-07-25 07:35:22:602
2,6,7,201508,2018-07-25 07:35:23:102
2,4,13,202008,2018-07-25 07:35:23:602
0,5,11,202508,2018-07-25 07:35:24:102
2,5,8,203008,2018-07-25 07:35:24:602
2,6,7,203508,2018-07-25 07:35:25:102
2,4,7,204008,2018-07-25 07:35:25:602
0,5,7,204508,2018-07-25 07:35:26:102
5,1,14,205007,2018-07-25 07:35:26:601
-10,-4,-1,205508,2018-07-25 07:35:27:102
-9,-2,2,206008,2018-07-25 07:35:27:602
3,-5,-5,206508,2018-07-25 07:35:28:102
0,-10,5,207008,2018-07-25 07:35:28:602
1,-10,0,207508,2018-07-25 07:35:29:102
1,-10,0,208007,2018-07-25 07:35:29:601
1,-10,0,208507,2018-07-25 07:35:30:101
0,-10,0,209007,2018-07-25 07:35:30:601
1,-9,0,209507,2018-07-25 07:35:31:101
2,-10,0,210008,2018-07-25 07:35:31:602
2,-10,-1,210508,2018-07-25 07:35:32:102
1,-10,0,211007,2018-07-25 07:35:32:601
1,-10,-1,211508,2018-07-25 07:35:33:102
1,-10,-1,212007,2018-07-25 07:35:33:601
1,-10,-1,212507,2018-07-25 07:35:34:101
1,-10,0,213008,2018-07-25 07:35:34:602
0,-10,0,213508,2018-07-25 07:35:35:102
0,-10,1,214008,2018-07-25 07:35:35:602
2,-9,1,214507,2018-07-25 07:35:36:101
-2,-9,0,215007,2018-07-25 07:35:36:601
1,-9,0,215508,2018-07-25 07:35:37:102
1,-10,-1,216008,2018-07-25 07:35:37:602
7,-12,5,216508,2018-07-25 07:35:38:102
3,-9,7,217008,2018-07-25 07:35:38:602
-1,-9,0,217508,2018-07-25 07:35:39:102
3,-9,-1,218008,2018-07-25 07:35:39:602
2,-9,-1,218508,2018-07-25 07:35:40:102
0,-12,0,219008,2018-07-25 07:35:40:602
3,-4,0,219507,2018-07-25 07:35:41:101
0,-10,6,220007,2018-07-25 07:35:41:601
3,-11,1,220507,2018-07-25 07:35:42:101
0,-8,-3,221008,2018-07-25 07:35:42:602
2,-13,12,221508,2018-07-25 07:35:43:102
0,-8,2,222008,2018-07-25 07:35:43:602
0,-11,2,222507,2018-07-25 07:35:44:101
2,-13,-2,223008,2018-07-25 07:35:44:602
3,-10,3,223507,2018-07-25 07:35:45:101
0,-10,0,224008,2018-07-25 07:35:45:602
-1,-10,0,224508,2018-07-25 07:35:46:102
0,-10,0,225007,2018-07-25 07:35:46:601
2,-9,1,225507,2018-07-25 07:35:47:101
1,-8,0,226008,2018-07-25 07:35:47:602
0,-10,0,226508,2018-07-25 07:35:48:102
-1,-10,1,227007,2018-07-25 07:35:48:601
4,-9,0,227507,2018-07-25 07:35:49:101
3,-10,0,228008,2018-07-25 07:35:49:602
2,-10,2,228507,2018-07-25 07:35:50:101
2,-10,1,229008,2018-07-25 07:35:50:602
1,-8,3,229508,2018-07-25 07:35:51:102
0,-10,0,230008,2018-07-25 07:35:51:602
-1,-10,0,230508,2018-07-25 07:35:52:102
-1,-10,-1,231008,2018-07-25 07:35:52:602
-2,-9,3,231508,2018-07-25 07:35:53:102
1,-10,0,232008,2018-07-25 07:35:53:602
1,-10,0,232507,2018-07-25 07:35:54:101
1,-10,0,233007,2018-07-25 07:35:54:601
0,-10,0,233507,2018-07-25 07:35:55:101
-1,-10,-2,234007,2018-07-25 07:35:55:601
0,-9,1,234508,2018-07-25 07:35:56:102
3,-6,2,235007,2018-07-25 07:35:56:601
-1,-9,2,235507,2018-07-25 07:35:57:101
-1,-14,3,236007,2018-07-25 07:35:57:601
-9,-7,3,236507,2018-07-25 07:35:58:101
-8,-2,2,237008,2018-07-25 07:35:58:602
1,0,6,237508,2018-07-25 07:35:59:102
0,3,6,238008,2018-07-25 07:35:59:602
-1,3,8,238507,2018-07-25 07:36:00:101
0,1,11,239008,2018-07-25 07:36:00:602
2,5,8,239507,2018-07-25 07:36:01:101
-1,5,7,240008,2018-07-25 07:36:01:602
-3,6,8,240508,2018-07-25 07:36:02:102
0,5,6,241007,2018-07-25 07:36:02:601
1,4,12,241507,2018-07-25 07:36:03:101
0,5,9,242007,2018-07-25 07:36:03:601
1,4,8,242507,2018-07-25 07:36:04:101
-1,4,10,243008,2018-07-25 07:36:04:602
-1,4,9,243508,2018-07-25 07:36:05:102
-1,4,9,244008,2018-07-25 07:36:05:602
-1,4,9,244508,2018-07-25 07:36:06:102
-1,4,9,245007,2018-07-25 07:36:06:601
-3,5,8,245508,2018-07-25 07:36:07:102
-2,4,9,246008,2018-07-25 07:36:07:602
-1,4,9,246508,2018-07-25 07:36:08:102
-1,4,9,247008,2018-07-25 07:36:08:602
-1,4,9,247507,2018-07-25 07:36:09:101
-1,4,9,248007,2018-07-25 07:36:09:601
-1,4,9,248507,2018-07-25 07:36:10:101
-1,4,9,249008,2018-07-25 07:36:10:602
-1,4,9,249508,2018-07-25 07:36:11:102
-1,4,9,250008,2018-07-25 07:36:11:602
-1,3,9,250508,2018-07-25 07:36:12:102
-1,3,10,251008,2018-07-25 07:36:12:602
-1,3,10,251508,2018-07-25 07:36:13:102
-1,3,10,252008,2018-07-25 07:36:13:602
-1,3,10,252508,2018-07-25 07:36:14:102
-1,3,10,253007,2018-07-25 07:36:14:601
0,3,10,253507,2018-07-25 07:36:15:101
0,3,10,254008,2018-07-25 07:36:15:602
0,2,10,254507,2018-07-25 07:36:16:101
-1,3,9,255007,2018-07-25 07:36:16:601
-1,3,10,255507,2018-07-25 07:36:17:101
-1,3,9,256007,2018-07-25 07:36:17:601
0,1,7,256507,2018-07-25 07:36:18:101
1,4,9,257007,2018-07-25 07:36:18:601
-1,2,10,257507,2018-07-25 07:36:19:101
-2,4,10,258007,2018-07-25 07:36:19:601
-1,2,10,258508,2018-07-25 07:36:20:102
-5,3,9,259007,2018-07-25 07:36:20:601
-1,2,5,259508,2018-07-25 07:36:21:102
-6,1,11,260008,2018-07-25 07:36:21:602
2,4,11,260508,2018-07-25 07:36:22:102
0,1,15,261007,2018-07-25 07:36:22:601
1,3,14,261508,2018-07-25 07:36:23:102
0,5,8,262008,2018-07-25 07:36:23:602
1,4,8,262508,2018-07-25 07:36:24:102
2,5,8,263008,2018-07-25 07:36:24:602
0,6,7,263508,2018-07-25 07:36:25:102
-1,4,7,264008,2018-07-25 07:36:25:602
0,2,12,264507,2018-07-25 07:36:26:101
-2,2,13,265008,2018-07-25 07:36:26:602
6,1,11,265508,2018-07-25 07:36:27:102
-2,5,9,266007,2018-07-25 07:36:27:601
-1,4,10,266508,2018-07-25 07:36:28:102
-1,4,8,267007,2018-07-25 07:36:28:601
-5,1,14,267507,2018-07-25 07:36:29:101
-3,4,14,268008,2018-07-25 07:36:29:602
-1,6,3,268508,2018-07-25 07:36:30:102
0,6,7,269008,2018-07-25 07:36:30:602
3,1,12,269508,2018-07-25 07:36:31:102
2,2,10,270008,2018-07-25 07:36:31:602
0,7,15,270508,2018-07-25 07:36:32:102
0,3,11,271008,2018-07-25 07:36:32:602
1,1,10,271507,2018-07-25 07:36:33:101
-1,5,10,272007,2018-07-25 07:36:33:601
1,3,10,272507,2018-07-25 07:36:34:101
0,3,9,273007,2018-07-25 07:36:34:601
0,3,10,273508,2018-07-25 07:36:35:102
0,3,10,274007,2018-07-25 07:36:35:601
0,3,10,274508,2018-07-25 07:36:36:102
0,4,9,275008,2018-07-25 07:36:36:602
-1,5,8,275507,2018-07-25 07:36:37:101
-1,5,8,276007,2018-07-25 07:36:37:601
0,2,10,276507,2018-07-25 07:36:38:101
0,2,10,277008,2018-07-25 07:36:38:602
0,2,10,277508,2018-07-25 07:36:39:102
0,2,10,278007,2018-07-25 07:36:39:601
0,2,10,278508,2018-07-25 07:36:40:102
1,2,10,279008,2018-07-25 07:36:40:602
1,1,10,279508,2018-07-25 07:36:41:102
0,2,10,280007,2018-07-25 07:36:41:601
0,2,10,280508,2018-07-25 07:36:42:102
0,2,10,281008,2018-07-25 07:36:42:602
1,2,10,281508,2018-07-25 07:36:43:102
1,2,10,282007,2018-07-25 07:36:43:601
3,2,9,282507,2018-07-25 07:36:44:101
4,2,9,283008,2018-07-25 07:36:44:602
-2,2,9,283508,2018-07-25 07:36:45:102
-3,2,9,284007,2018-07-25 07:36:45:601
-2,2,10,284508,2018-07-25 07:36:46:102
0,1,10,285008,2018-07-25 07:36:46:602
1,1,10,285508,2018-07-25 07:36:47:102
1,1,10,286008,2018-07-25 07:36:47:602
1,1,10,286508,2018-07-25 07:36:48:102
0,1,10,287008,2018-07-25 07:36:48:602
0,3,9,287508,2018-07-25 07:36:49:102
0,4,9,288008,2018-07-25 07:36:49:602
-1,4,9,288508,2018-07-25 07:36:50:102
0,4,9,289008,2018-07-25 07:36:50:602
0,4,9,289508,2018-07-25 07:36:51:102
-1,4,9,290008,2018-07-25 07:36:51:602
-1,3,10,290507,2018-07-25 07:36:52:101
-2,2,11,291008,2018-07-25 07:36:52:602
-1,2,8,291507,2018-07-25 07:36:53:101
2,3,11,292007,2018-07-25 07:36:53:601
0,3,9,292508,2018-07-25 07:36:54:102
-1,6,4,293011,2018-07-25 07:36:54:605
-1,7,8,293508,2018-07-25 07:36:55:102
-1,7,7,294007,2018-07-25 07:36:55:601
-1,7,7,294508,2018-07-25 07:36:56:102
-1,7,7,295007,2018-07-25 07:36:56:601
-1,7,7,295507,2018-07-25 07:36:57:101
-1,7,7,296007,2018-07-25 07:36:57:601
-1,7,7,296507,2018-07-25 07:36:58:101
1,-3,9,297008,2018-07-25 07:36:58:602
0,-2,10,297508,2018-07-25 07:36:59:102
0,-2,11,298008,2018-07-25 07:36:59:602
-1,6,7,298508,2018-07-25 07:37:00:102
0,5,8,299008,2018-07-25 07:37:00:602
0,5,8,299508,2018-07-25 07:37:01:102
0,0,10,300007,2018-07-25 07:37:01:601
0,3,9,300507,2018-07-25 07:37:02:101
0,3,9,301007,2018-07-25 07:37:02:601
0,0,11,301507,2018-07-25 07:37:03:101
0,4,9,302007,2018-07-25 07:37:03:601
0,4,9,302507,2018-07-25 07:37:04:101
0,3,10,303008,2018-07-25 07:37:04:602
-1,-2,8,303508,2018-07-25 07:37:05:102
-2,1,6,304008,2018-07-25 07:37:05:602
-2,-8,18,304508,2018-07-25 07:37:06:102
13,-33,36,305008,2018-07-25 07:37:06:602
0,-1,12,305507,2018-07-25 07:37:07:101
0,0,10,306007,2018-07-25 07:37:07:601
1,0,9,306507,2018-07-25 07:37:08:101
3,-1,12,307008,2018-07-25 07:37:08:602
0,4,20,307508,2018-07-25 07:37:09:102
0,1,9,308007,2018-07-25 07:37:09:601
0,0,10,308507,2018-07-25 07:37:10:101
-1,1,10,309007,2018-07-25 07:37:10:601
-2,0,12,309507,2018-07-25 07:37:11:101
-11,-29,1,310007,2018-07-25 07:37:11:601
-24,29,-14,310508,2018-07-25 07:37:12:102
1,1,10,311007,2018-07-25 07:37:12:601
0,2,10,311508,2018-07-25 07:37:13:102
0,0,9,312007,2018-07-25 07:37:13:601
0,0,10,312507,2018-07-25 07:37:14:101
0,0,10,313007,2018-07-25 07:37:14:601
3,-2,10,313507,2018-07-25 07:37:15:101
-11,5,-2,314007,2018-07-25 07:37:15:601
12,-4,-8,314507,2018-07-25 07:37:16:101
13,-5,-2,315007,2018-07-25 07:37:16:601
-5,-9,20,315507,2018-07-25 07:37:17:101
-2,1,9,316007,2018-07-25 07:37:17:601
-3,2,10,316508,2018-07-25 07:37:18:102
-1,1,10,317007,2018-07-25 07:37:18:601
0,0,10,317507,2018-07-25 07:37:19:101
0,0,10,318008,2018-07-25 07:37:19:602
0,0,10,318507,2018-07-25 07:37:20:101
0,-1,10,319007,2018-07-25 07:37:20:601
0,0,10,319507,2018-07-25 07:37:21:101
0,0,9,320008,2018-07-25 07:37:21:602
0,1,10,320508,2018-07-25 07:37:22:102
0,1,10,321008,2018-07-25 07:37:22:602
0,1,10,321508,2018-07-25 07:37:23:102
0,1,10,322008,2018-07-25 07:37:23:602
0,1,10,322508,2018-07-25 07:37:24:102
0,1,10,323008,2018-07-25 07:37:24:602
0,1,10,323507,2018-07-25 07:37:25:101
0,0,10,324007,2018-07-25 07:37:25:601
0,0,10,324507,2018-07-25 07:37:26:101
0,0,10,325007,2018-07-25 07:37:26:601
0,0,10,325507,2018-07-25 07:37:27:101
0,0,10,326008,2018-07-25 07:37:27:602
0,0,10,326508,2018-07-25 07:37:28:102
3,0,9,327007,2018-07-25 07:37:28:601
5,1,8,327507,2018-07-25 07:37:29:101
6,0,7,328007,2018-07-25 07:37:29:601
4,0,9,328508,2018-07-25 07:37:30:102
2,0,10,329008,2018-07-25 07:37:30:602
2,1,9,329508,2018-07-25 07:37:31:102
2,1,10,330008,2018-07-25 07:37:31:602
2,1,10,330508,2018-07-25 07:37:32:102
2,1,10,331008,2018-07-25 07:37:32:602
2,1,10,331507,2018-07-25 07:37:33:101
2,1,10,332007,2018-07-25 07:37:33:601
2,1,10,332508,2018-07-25 07:37:34:102
1,1,9,333008,2018-07-25 07:37:34:602
2,1,10,333507,2018-07-25 07:37:35:101
2,1,10,334007,2018-07-25 07:37:35:601
1,1,10,334507,2018-07-25 07:37:36:101
2,1,10,335007,2018-07-25 07:37:36:601
1,1,10,335507,2018-07-25 07:37:37:101
1,1,10,336010,2018-07-25 07:37:37:604
1,1,10,336507,2018-07-25 07:37:38:101
1,1,10,337007,2018-07-25 07:37:38:601
1,1,10,337507,2018-07-25 07:37:39:101
1,1,10,338008,2018-07-25 07:37:39:602
1,1,10,338508,2018-07-25 07:37:40:102
1,1,10,339008,2018-07-25 07:37:40:602
1,1,10,339508,2018-07-25 07:37:41:102
1,1,10,340007,2018-07-25 07:37:41:601
1,1,10,340507,2018-07-25 07:37:42:101
1,1,10,341007,2018-07-25 07:37:42:601
0,2,8,341507,2018-07-25 07:37:43:101
-1,2,9,342008,2018-07-25 07:37:43:602
-1,2,10,342508,2018-07-25 07:37:44:102
-1,1,10,343007,2018-07-25 07:37:44:601
-1,1,10,343508,2018-07-25 07:37:45:102
-1,1,10,344008,2018-07-25 07:37:45:602
-1,1,10,344507,2018-07-25 07:37:46:101
-1,1,10,345008,2018-07-25 07:37:46:602
-1,1,10,345508,2018-07-25 07:37:47:102
-1,1,10,346008,2018-07-25 07:37:47:602
-1,2,9,346507,2018-07-25 07:37:48:101
-1,2,10,347007,2018-07-25 07:37:48:601
-1,2,10,347508,2018-07-25 07:37:49:102
-1,2,10,348007,2018-07-25 07:37:49:601
-1,2,10,348507,2018-07-25 07:37:50:101
-1,2,10,349007,2018-07-25 07:37:50:601
-1,2,10,349508,2018-07-25 07:37:51:102
-1,3,9,350008,2018-07-25 07:37:51:602
-1,3,9,350507,2018-07-25 07:37:52:101
-1,3,9,351008,2018-07-25 07:37:52:602
-1,3,9,351508,2018-07-25 07:37:53:102
-1,3,9,352008,2018-07-25 07:37:53:602
-1,3,9,352507,2018-07-25 07:37:54:101
1,2,10,353008,2018-07-25 07:37:54:602
-1,2,9,353507,2018-07-25 07:37:55:101
0,2,9,354007,2018-07-25 07:37:55:601
-1,2,9,354508,2018-07-25 07:37:56:102
-1,2,10,355007,2018-07-25 07:37:56:601
-1,3,9,355507,2018-07-25 07:37:57:101
1,3,9,356008,2018-07-25 07:37:57:602
0,5,7,356508,2018-07-25 07:37:58:102
0,6,8,357008,2018-07-25 07:37:58:602
1,4,8,357508,2018-07-25 07:37:59:102
-1,2,12,358009,2018-07-25 07:37:59:603
-5,4,9,358508,2018-07-25 07:38:00:102
-2,2,10,359007,2018-07-25 07:38:00:601
-1,2,10,359508,2018-07-25 07:38:01:102
-1,2,10,360008,2018-07-25 07:38:01:602
-1,2,10,360507,2018-07-25 07:38:02:101
-1,2,10,361008,2018-07-25 07:38:02:602
0,2,10,361507,2018-07-25 07:38:03:101
-1,0,9,362008,2018-07-25 07:38:03:602
-1,0,10,362508,2018-07-25 07:38:04:102
1,0,11,363007,2018-07-25 07:38:04:601
0,2,9,363507,2018-07-25 07:38:05:101
-1,2,10,364007,2018-07-25 07:38:05:601
0,2,10,364507,2018-07-25 07:38:06:101
0,2,10,365007,2018-07-25 07:38:06:601
-1,2,10,365507,2018-07-25 07:38:07:101
-1,2,10,366007,2018-07-25 07:38:07:601
-1,2,9,366507,2018-07-25 07:38:08:101
-1,2,10,367007,2018-07-25 07:38:08:601
-1,2,10,367507,2018-07-25 07:38:09:101
-1,2,10,368007,2018-07-25 07:38:09:601
-1,2,10,368507,2018-07-25 07:38:10:101
-1,2,10,369007,2018-07-25 07:38:10:601
-1,2,10,369507,2018-07-25 07:38:11:101
-1,2,10,370008,2018-07-25 07:38:11:602
-1,2,10,370507,2018-07-25 07:38:12:101
-1,2,10,371007,2018-07-25 07:38:12:601
2,1,9,371508,2018-07-25 07:38:13:102
-2,0,8,372008,2018-07-25 07:38:13:602
-3,-2,9,372508,2018-07-25 07:38:14:102
-3,-1,9,373008,2018-07-25 07:38:14:602
-4,-1,9,373507,2018-07-25 07:38:15:101
-5,-1,8,374008,2018-07-25 07:38:15:602
-4,-1,9,374508,2018-07-25 07:38:16:102
-4,-1,9,375007,2018-07-25 07:38:16:601
-4,-1,9,375508,2018-07-25 07:38:17:102
-4,-1,9,376007,2018-07-25 07:38:17:601
-4,-2,9,376508,2018-07-25 07:38:18:102
-4,-2,8,377007,2018-07-25 07:38:18:601
-4,-1,9,377507,2018-07-25 07:38:19:101
-4,-2,9,378007,2018-07-25 07:38:19:601
-4,-2,9,378507,2018-07-25 07:38:20:101
-7,-1,8,379007,2018-07-25 07:38:20:601
4,0,6,379508,2018-07-25 07:38:21:102
-8,6,4,380008,2018-07-25 07:38:21:602
-1,9,4,380507,2018-07-25 07:38:22:101
-1,12,6,381008,2018-07-25 07:38:22:602
0,-1,12,381507,2018-07-25 07:38:23:101
-1,2,10,382008,2018-07-25 07:38:23:602
-1,3,9,382507,2018-07-25 07:38:24:101
-1,2,10,383007,2018-07-25 07:38:24:601
-1,2,9,383508,2018-07-25 07:38:25:102
-1,2,9,384008,2018-07-25 07:38:25:602
-1,2,9,384508,2018-07-25 07:38:26:102
2,1,10,385008,2018-07-25 07:38:26:602
8,-4,19,385508,2018-07-25 07:38:27:102
3,-1,9,386008,2018-07-25 07:38:27:602
4,-1,9,386507,2018-07-25 07:38:28:101
4,-1,9,387007,2018-07-25 07:38:28:601
4,-1,9,387508,2018-07-25 07:38:29:102
4,-1,9,388007,2018-07-25 07:38:29:601
5,-1,9,388507,2018-07-25 07:38:30:101
5,-1,9,389007,2018-07-25 07:38:30:601
4,-1,9,389508,2018-07-25 07:38:31:102
5,-1,9,390008,2018-07-25 07:38:31:602
5,-1,8,390508,2018-07-25 07:38:32:102
6,-1,8,391007,2018-07-25 07:38:32:601
4,0,10,391507,2018-07-25 07:38:33:101
-1,-1,10,392007,2018-07-25 07:38:33:601
-1,1,9,392507,2018-07-25 07:38:34:101
-3,2,8,393007,2018-07-25 07:38:34:601
1,-1,6,393507,2018-07-25 07:38:35:101
3,-5,9,394007,2018-07-25 07:38:35:601
3,-4,8,394507,2018-07-25 07:38:36:101
2,-4,7,395007,2018-07-25 07:38:36:601
-3,3,18,395508,2018-07-25 07:38:37:102
0,3,9,396008,2018-07-25 07:38:37:602
-1,4,9,396507,2018-07-25 07:38:38:101
0,4,10,397007,2018-07-25 07:38:38:601
0,3,9,397507,2018-07-25 07:38:39:101
0,3,9,398008,2018-07-25 07:38:39:602
0,3,9,398507,2018-07-25 07:38:40:101
0,3,9,399007,2018-07-25 07:38:40:601
0,3,9,399507,2018-07-25 07:38:41:101
0,3,10,400007,2018-07-25 07:38:41:601
0,3,9,400507,2018-07-25 07:38:42:101
0,3,9,401008,2018-07-25 07:38:42:602
-1,-2,9,401507,2018-07-25 07:38:43:101
0,-1,10,402007,2018-07-25 07:38:43:601
0,-1,10,402507,2018-07-25 07:38:44:101
0,-1,10,403007,2018-07-25 07:38:44:601
0,-1,10,403510,2018-07-25 07:38:45:104
0,-1,10,404008,2018-07-25 07:38:45:602
0,-1,10,404507,2018-07-25 07:38:46:101
0,-1,10,405008,2018-07-25 07:38:46:602
0,-1,10,405507,2018-07-25 07:38:47:101
0,-1,10,406008,2018-07-25 07:38:47:602
0,-1,10,406507,2018-07-25 07:38:48:101
0,-1,10,407008,2018-07-25 07:38:48:602
1,-1,10,407507,2018-07-25 07:38:49:101
1,-1,10,408008,2018-07-25 07:38:49:602
1,-1,10,408507,2018-07-25 07:38:50:101
1,-1,10,409007,2018-07-25 07:38:50:601
1,-1,10,409508,2018-07-25 07:38:51:102
1,-1,10,410008,2018-07-25 07:38:51:602
1,-1,10,410507,2018-07-25 07:38:52:101
1,-1,10,411007,2018-07-25 07:38:52:601
1,-1,10,411508,2018-07-25 07:38:53:102
1,-1,10,412007,2018-07-25 07:38:53:601
1,-1,10,412508,2018-07-25 07:38:54:102
1,-1,10,413008,2018-07-25 07:38:54:602
1,-1,10,413508,2018-07-25 07:38:55:102
1,-1,10,414008,2018-07-25 07:38:55:602
1,-1,10,414507,2018-07-25 07:38:56:101
1,-1,10,415008,2018-07-25 07:38:56:602
1,-1,10,415508,2018-07-25 07:38:57:102
1,-1,10,416007,2018-07-25 07:38:57:601
1,-1,10,416507,2018-07-25 07:38:58:101
0,-1,10,417007,2018-07-25 07:38:58:601
1,0,9,417508,2018-07-25 07:38:59:102
0,-1,10,418007,2018-07-25 07:38:59:601
0,-1,9,418507,2018-07-25 07:39:00:101
0,-1,10,419007,2018-07-25 07:39:00:601
2,1,9,419508,2018-07-25 07:39:01:102
0,2,10,420007,2018-07-25 07:39:01:601
0,1,10,420508,2018-07-25 07:39:02:102
-1,2,9,421008,2018-07-25 07:39:02:602
-1,3,8,421508,2018-07-25 07:39:03:102
-2,2,9,422008,2018-07-25 07:39:03:602
-2,3,9,422507,2018-07-25 07:39:04:101
-2,2,9,423008,2018-07-25 07:39:04:602
-2,2,9,423507,2018-07-25 07:39:05:101
-2,3,9,424007,2018-07-25 07:39:05:601
-2,3,9,424507,2018-07-25 07:39:06:101
-2,2,9,425007,2018-07-25 07:39:06:601
-2,3,10,425507,2018-07-25 07:39:07:101
-1,3,9,426007,2018-07-25 07:39:07:601
-2,3,9,426507,2018-07-25 07:39:08:101
-2,3,9,427007,2018-07-25 07:39:08:601
-2,3,9,427508,2018-07-25 07:39:09:102
-2,3,9,428008,2018-07-25 07:39:09:602
-2,3,9,428507,2018-07-25 07:39:10:101
-2,3,9,429008,2018-07-25 07:39:10:602
-2,3,9,429508,2018-07-25 07:39:11:102
-2,3,9,430008,2018-07-25 07:39:11:602
-2,3,9,430507,2018-07-25 07:39:12:101
-2,3,9,431008,2018-07-25 07:39:12:602
-2,3,9,431508,2018-07-25 07:39:13:102
-2,3,9,432007,2018-07-25 07:39:13:601
-2,3,9,432507,2018-07-25 07:39:14:101
-2,3,9,433008,2018-07-25 07:39:14:602
-1,3,9,433507,2018-07-25 07:39:15:101
1,2,10,434007,2018-07-25 07:39:15:601
-1,3,9,434507,2018-07-25 07:39:16:101
-1,2,9,435007,2018-07-25 07:39:16:601
-1,2,10,435507,2018-07-25 07:39:17:101
-1,3,9,436007,2018-07-25 07:39:17:601
-1,3,9,436507,2018-07-25 07:39:18:101
-1,3,9,437007,2018-07-25 07:39:18:601
-1,3,9,437508,2018-07-25 07:39:19:102
-1,3,9,438008,2018-07-25 07:39:19:602
-1,3,9,438507,2018-07-25 07:39:20:101
-1,3,9,439008,2018-07-25 07:39:20:602
-1,3,9,439508,2018-07-25 07:39:21:102
-1,3,9,440008,2018-07-25 07:39:21:602
-1,3,9,440508,2018-07-25 07:39:22:102
-1,3,9,441008,2018-07-25 07:39:22:602
-2,4,8,441508,2018-07-25 07:39:23:102
-2,4,10,442008,2018-07-25 07:39:23:602
-2,3,9,442507,2018-07-25 07:39:24:101
-2,3,9,443007,2018-07-25 07:39:24:601
-2,3,9,443507,2018-07-25 07:39:25:101
-2,2,9,444007,2018-07-25 07:39:25:601
-2,3,9,444507,2018-07-25 07:39:26:101
-2,3,10,445007,2018-07-25 07:39:26:601
-1,2,9,445508,2018-07-25 07:39:27:102
0,2,9,446007,2018-07-25 07:39:27:601
-1,3,9,446508,2018-07-25 07:39:28:102
-1,3,9,447008,2018-07-25 07:39:28:602
-1,3,9,447508,2018-07-25 07:39:29:102
-2,3,9,448007,2018-07-25 07:39:29:601
-2,3,9,448508,2018-07-25 07:39:30:102
-2,3,9,449007,2018-07-25 07:39:30:601
-2,3,9,449507,2018-07-25 07:39:31:101
-2,3,9,450007,2018-07-25 07:39:31:601
-2,3,9,450507,2018-07-25 07:39:32:101
-2,3,9,451008,2018-07-25 07:39:32:602
-2,3,9,451507,2018-07-25 07:39:33:101
-2,3,9,452007,2018-07-25 07:39:33:601
-2,3,9,452507,2018-07-25 07:39:34:101
-2,3,9,453007,2018-07-25 07:39:34:601
-2,3,9,453507,2018-07-25 07:39:35:101
-2,3,9,454007,2018-07-25 07:39:35:601
-2,3,9,454507,2018-07-25 07:39:36:101
-2,3,9,455008,2018-07-25 07:39:36:602
-2,3,10,455508,2018-07-25 07:39:37:102
-2,3,9,456007,2018-07-25 07:39:37:601
0,2,10,456507,2018-07-25 07:39:38:101
0,1,10,457008,2018-07-25 07:39:38:602
1,1,10,457507,2018-07-25 07:39:39:101
1,1,10,458007,2018-07-25 07:39:39:601
0,1,10,458507,2018-07-25 07:39:40:101
-1,2,10,459008,2018-07-25 07:39:40:602
0,1,10,459508,2018-07-25 07:39:41:102
0,1,10,460007,2018-07-25 07:39:41:601
0,1,10,460508,2018-07-25 07:39:42:102
0,2,10,461007,2018-07-25 07:39:42:601
-1,3,9,461507,2018-07-25 07:39:43:101
-1,2,10,462007,2018-07-25 07:39:43:601
-1,2,9,462507,2018-07-25 07:39:44:101
-1,2,9,463007,2018-07-25 07:39:44:601
-1,2,10,463507,2018-07-25 07:39:45:101
-1,2,10,464007,2018-07-25 07:39:45:601
-1,2,10,464507,2018-07-25 07:39:46:101
-1,2,10,465008,2018-07-25 07:39:46:602
-1,2,10,465507,2018-07-25 07:39:47:101
-1,2,10,466008,2018-07-25 07:39:47:602
-1,2,10,466508,2018-07-25 07:39:48:102
-1,2,10,467008,2018-07-25 07:39:48:602
-1,2,10,467508,2018-07-25 07:39:49:102
-1,2,10,468008,2018-07-25 07:39:49:602
-1,2,10,468508,2018-07-25 07:39:50:102
-1,2,10,469007,2018-07-25 07:39:50:601
-1,2,10,469507,2018-07-25 07:39:51:101
-1,2,10,470007,2018-07-25 07:39:51:601
-1,2,10,470507,2018-07-25 07:39:52:101
-1,2,10,471007,2018-07-25 07:39:52:601
-1,2,10,471507,2018-07-25 07:39:53:101
-1,2,10,472007,2018-07-25 07:39:53:601
-1,2,10,472507,2018-07-25 07:39:54:101
-1,2,10,473007,2018-07-25 07:39:54:601
-1,2,10,473507,2018-07-25 07:39:55:101
-1,2,10,474007,2018-07-25 07:39:55:601
-1,2,10,474507,2018-07-25 07:39:56:101
-1,2,10,475008,2018-07-25 07:39:56:602
-1,2,10,475508,2018-07-25 07:39:57:102
-1,2,10,476007,2018-07-25 07:39:57:601
-1,2,10,476508,2018-07-25 07:39:58:102
-1,2,10,477008,2018-07-25 07:39:58:602
-1,2,10,477508,2018-07-25 07:39:59:102
-1,2,10,478008,2018-07-25 07:39:59:602
-1,2,10,478508,2018-07-25 07:40:00:102
-1,2,10,479008,2018-07-25 07:40:00:602
-1,2,10,479508,2018-07-25 07:40:01:102
-1,2,10,480008,2018-07-25 07:40:01:602
-1,2,9,480508,2018-07-25 07:40:02:102
-1,2,10,481007,2018-07-25 07:40:02:601
-1,2,9,481507,2018-07-25 07:40:03:101
-1,2,10,482007,2018-07-25 07:40:03:601
-1,2,10,482508,2018-07-25 07:40:04:102
-1,2,10,483008,2018-07-25 07:40:04:602
-1,2,10,483508,2018-07-25 07:40:05:102
-1,2,10,484008,2018-07-25 07:40:05:602
-1,2,10,484507,2018-07-25 07:40:06:101
-1,2,10,485007,2018-07-25 07:40:06:601
-1,2,10,485508,2018-07-25 07:40:07:102
-1,2,10,486007,2018-07-25 07:40:07:601
-1,2,10,486508,2018-07-25 07:40:08:102
-1,2,10,487007,2018-07-25 07:40:08:601
-1,2,10,487508,2018-07-25 07:40:09:102
-1,2,10,488007,2018-07-25 07:40:09:601
-1,2,10,488508,2018-07-25 07:40:10:102
0,1,9,489007,2018-07-25 07:40:10:601
0,1,10,489508,2018-07-25 07:40:11:102
0,1,10,490008,2018-07-25 07:40:11:602
0,1,10,490508,2018-07-25 07:40:12:102
0,1,10,491008,2018-07-25 07:40:12:602
0,1,10,491507,2018-07-25 07:40:13:101
0,1,10,492007,2018-07-25 07:40:13:601
-1,1,8,492508,2018-07-25 07:40:14:102
1,1,7,493007,2018-07-25 07:40:14:601
0,-1,10,493508,2018-07-25 07:40:15:102
0,-1,10,494007,2018-07-25 07:40:15:601
0,-1,10,494508,2018-07-25 07:40:16:102
0,-1,10,495008,2018-07-25 07:40:16:602
0,-1,10,495508,2018-07-25 07:40:17:102
1,-1,10,496008,2018-07-25 07:40:17:602
0,-1,10,496508,2018-07-25 07:40:18:102
0,-1,10,497007,2018-07-25 07:40:18:601
0,-1,10,497507,2018-07-25 07:40:19:101
0,-1,10,498007,2018-07-25 07:40:19:601
1,-1,10,498508,2018-07-25 07:40:20:102
0,-1,10,499008,2018-07-25 07:40:20:602
1,-1,10,499507,2018-07-25 07:40:21:101
1,-1,10,500007,2018-07-25 07:40:21:601
1,0,11,500508,2018-07-25 07:40:22:102
1,-1,10,501008,2018-07-25 07:40:22:602
1,-1,10,501508,2018-07-25 07:40:23:102
1,-1,10,502007,2018-07-25 07:40:23:601
1,-1,10,502508,2018-07-25 07:40:24:102
1,-1,10,503008,2018-07-25 07:40:24:602
1,-1,10,503508,2018-07-25 07:40:25:102
1,-2,10,504007,2018-07-25 07:40:25:601
1,-1,9,504508,2018-07-25 07:40:26:102
1,1,9,505008,2018-07-25 07:40:26:602
0,2,10,505508,2018-07-25 07:40:27:102
0,2,9,506007,2018-07-25 07:40:27:601
0,2,9,506507,2018-07-25 07:40:28:101
0,2,9,507007,2018-07-25 07:40:28:601
0,2,10,507507,2018-07-25 07:40:29:101
0,2,10,508008,2018-07-25 07:40:29:602
1,2,10,508508,2018-07-25 07:40:30:102
0,2,9,509007,2018-07-25 07:40:30:601
0,2,10,509507,2018-07-25 07:40:31:101
-1,3,9,510007,2018-07-25 07:40:31:601
-1,3,9,510507,2018-07-25 07:40:32:101
-1,3,9,511008,2018-07-25 07:40:32:602
-1,3,9,511507,2018-07-25 07:40:33:101
0,3,9,512008,2018-07-25 07:40:33:602
-1,3,9,512507,2018-07-25 07:40:34:101
-1,3,9,513007,2018-07-25 07:40:34:601
-2,3,9,513508,2018-07-25 07:40:35:102
-1,3,9,514008,2018-07-25 07:40:35:602
-1,3,9,514507,2018-07-25 07:40:36:101
-1,3,9,515007,2018-07-25 07:40:36:601
-1,3,9,515507,2018-07-25 07:40:37:101
-1,3,9,516008,2018-07-25 07:40:37:602
-1,3,9,516508,2018-07-25 07:40:38:102
-1,3,9,517007,2018-07-25 07:40:38:601
-1,3,9,517508,2018-07-25 07:40:39:102
-1,3,9,518008,2018-07-25 07:40:39:602
-1,3,9,518508,2018-07-25 07:40:40:102
-1,3,9,519007,2018-07-25 07:40:40:601
-1,3,9,519508,2018-07-25 07:40:41:102
-1,3,9,520007,2018-07-25 07:40:41:601
-1,3,9,520507,2018-07-25 07:40:42:101
-1,3,9,521007,2018-07-25 07:40:42:601
-1,3,9,521507,2018-07-25 07:40:43:101
-1,3,9,522008,2018-07-25 07:40:43:602
-1,3,9,522507,2018-07-25 07:40:44:101
-1,3,9,523008,2018-07-25 07:40:44:602
-1,3,9,523508,2018-07-25 07:40:45:102
-1,3,9,524007,2018-07-25 07:40:45:601
-1,3,9,524508,2018-07-25 07:40:46:102
-1,3,10,525007,2018-07-25 07:40:46:601
-1,3,10,525507,2018-07-25 07:40:47:101
-1,3,9,526007,2018-07-25 07:40:47:601
0,3,9,526508,2018-07-25 07:40:48:102
0,2,10,527008,2018-07-25 07:40:48:602
0,3,9,527507,2018-07-25 07:40:49:101
0,3,10,528008,2018-07-25 07:40:49:602
0,3,9,528508,2018-07-25 07:40:50:102
0,3,10,529008,2018-07-25 07:40:50:602
0,2,9,529507,2018-07-25 07:40:51:101
-2,3,14,530007,2018-07-25 07:40:51:601
1,2,7,530508,2018-07-25 07:40:52:102
0,2,10,531008,2018-07-25 07:40:52:602
0,2,11,531508,2018-07-25 07:40:53:102
0,3,11,532008,2018-07-25 07:40:53:602
0,3,8,532508,2018-07-25 07:40:54:102
-1,2,16,533007,2018-07-25 07:40:54:601
0,4,9,533507,2018-07-25 07:40:55:101
1,3,9,534008,2018-07-25 07:40:55:602
-1,4,9,534507,2018-07-25 07:40:56:101
-1,3,10,535008,2018-07-25 07:40:56:602
-1,3,9,535507,2018-07-25 07:40:57:101
-1,3,9,536007,2018-07-25 07:40:57:601
-1,3,9,536507,2018-07-25 07:40:58:101
-1,3,10,537007,2018-07-25 07:40:58:601
-1,2,9,537507,2018-07-25 07:40:59:101
-1,2,10,538007,2018-07-25 07:40:59:601
-1,2,10,538509,2018-07-25 07:41:00:103
-1,2,10,539007,2018-07-25 07:41:00:601
-1,2,10,539508,2018-07-25 07:41:01:102
-1,2,10,540008,2018-07-25 07:41:01:602
-1,2,10,540507,2018-07-25 07:41:02:101
-1,2,10,541007,2018-07-25 07:41:02:601
0,2,8,541507,2018-07-25 07:41:03:101
0,2,8,542008,2018-07-25 07:41:03:602
-1,3,8,542508,2018-07-25 07:41:04:102
1,3,9,543008,2018-07-25 07:41:04:602
-3,1,9,543508,2018-07-25 07:41:05:102
-1,2,11,544009,2018-07-25 07:41:05:603
1,2,10,544507,2018-07-25 07:41:06:101
1,2,8,545008,2018-07-25 07:41:06:602
-1,5,9,545507,2018-07-25 07:41:07:101
1,4,7,546008,2018-07-25 07:41:07:602
1,4,6,546508,2018-07-25 07:41:08:102
0,5,9,547007,2018-07-25 07:41:08:601
2,3,7,547508,2018-07-25 07:41:09:102
-1,4,7,548008,2018-07-25 07:41:09:602
1,4,8,548508,2018-07-25 07:41:10:102
0,4,8,549008,2018-07-25 07:41:10:602
3,4,8,549508,2018-07-25 07:41:11:102
-1,3,4,550007,2018-07-25 07:41:11:601
2,1,11,550508,2018-07-25 07:41:12:102
0,1,9,551008,2018-07-25 07:41:12:602
1,2,7,551508,2018-07-25 07:41:13:102
1,2,5,552008,2018-07-25 07:41:13:602
-1,2,8,552507,2018-07-25 07:41:14:101
-2,1,6,553007,2018-07-25 07:41:14:601
-2,2,12,553508,2018-07-25 07:41:15:102
1,4,9,554007,2018-07-25 07:41:15:601
-2,2,7,554507,2018-07-25 07:41:16:101
-2,2,10,555007,2018-07-25 07:41:16:601
-1,1,11,555507,2018-07-25 07:41:17:101
1,4,11,556008,2018-07-25 07:41:17:602
0,3,7,556508,2018-07-25 07:41:18:102
-2,3,11,557008,2018-07-25 07:41:18:602
-2,5,11,557508,2018-07-25 07:41:19:102
-6,7,11,558008,2018-07-25 07:41:19:602
2,6,7,558508,2018-07-25 07:41:20:102
2,7,10,559008,2018-07-25 07:41:20:602
4,4,8,559507,2018-07-25 07:41:21:101
0,4,11,560008,2018-07-25 07:41:21:602
0,4,10,560508,2018-07-25 07:41:22:102
0,8,10,561008,2018-07-25 07:41:22:602
1,6,4,561508,2018-07-25 07:41:23:102
2,5,3,562008,2018-07-25 07:41:23:602
-3,6,5,562508,2018-07-25 07:41:24:102
0,4,3,563007,2018-07-25 07:41:24:601
-1,9,6,563507,2018-07-25 07:41:25:101
1,8,6,564008,2018-07-25 07:41:25:602
0,6,9,564508,2018-07-25 07:41:26:102
-5,5,9,565007,2018-07-25 07:41:26:601
1,4,11,565507,2018-07-25 07:41:27:101
2,5,8,566008,2018-07-25 07:41:27:602
4,2,12,566508,2018-07-25 07:41:28:102
0,0,8,567007,2018-07-25 07:41:28:601
-3,1,8,567507,2018-07-25 07:41:29:101
