0,3,9,0,0,0,39,8,2018-07-25 07:32:01:602
-1,4,9,0,0,0,39,508,2018-07-25 07:32:02:102
-1,4,9,0,0,0,38,1007,2018-07-25 07:32:02:601
-1,4,9,0,0,0,38,1507,2018-07-25 07:32:03:101
-1,4,8,0,0,0,38,2007,2018-07-25 07:32:03:601
-4,5,8,0,0,1,38,2508,2018-07-25 07:32:04:102
-3,5,8,0,0,0,38,3007,2018-07-25 07:32:04:601
-2,5,8,0,0,0,40,3508,2018-07-25 07:32:05:102
-6,7,7,-2,2,0,40,4007,2018-07-25 07:32:05:601
-12,-6,2,-4,-5,-1,40,4507,2018-07-25 07:32:06:101
-7,-1,-1,2,1,-1,70,5007,2018-07-25 07:32:06:601
-15,-5,0,-6,-4,-8,0,5508,2018-07-25 07:32:07:102
-3,-9,8,-4,-1,6,0,6008,2018-07-25 07:32:07:602
0,-9,-1,1,0,-2,6,6507,2018-07-25 07:32:08:101
-1,-11,0,-1,0,1,6,7008,2018-07-25 07:32:08:602
0,-10,1,-1,0,0,6,7508,2018-07-25 07:32:09:102
2,-10,0,1,0,1,13,8008,2018-07-25 07:32:09:602
2,-10,0,0,0,1,13,8507,2018-07-25 07:32:10:101
2,-9,0,0,1,-1,12,9007,2018-07-25 07:32:10:601
-1,-10,-1,-2,0,-1,13,9508,2018-07-25 07:32:11:102
0,-10,0,-1,0,0,0,10007,2018-07-25 07:32:11:601
1,-10,0,1,0,1,2,10508,2018-07-25 07:32:12:102
1,-10,0,0,0,0,2,11008,2018-07-25 07:32:12:602
1,-10,0,0,0,1,2,11507,2018-07-25 07:32:13:101
1,-10,-1,0,0,0,3,12007,2018-07-25 07:32:13:601
0,-10,0,-1,0,1,2,12507,2018-07-25 07:32:14:101
1,-10,-1,0,0,0,2,13007,2018-07-25 07:32:14:601
1,-10,-1,0,0,0,0,13508,2018-07-25 07:32:15:102
1,-10,-1,0,0,0,0,14007,2018-07-25 07:32:15:601
1,-10,-1,0,0,0,0,14507,2018-07-25 07:32:16:101
1,-10,-1,0,0,0,0,15008,2018-07-25 07:32:16:602
1,-10,-1,0,0,0,0,15508,2018-07-25 07:32:17:102
1,-10,-1,0,0,0,2,16008,2018-07-25 07:32:17:602
1,-10,-1,0,0,0,2,16508,2018-07-25 07:32:18:102
1,-8,-1,0,2,0,2,17007,2018-07-25 07:32:18:601
1,-10,-1,1,0,0,3,17508,2018-07-25 07:32:19:102
1,-10,-1,0,0,0,3,18007,2018-07-25 07:32:19:601
1,-10,-1,0,0,0,3,18508,2018-07-25 07:32:20:102
1,-10,-1,0,0,0,2,19007,2018-07-25 07:32:20:601
1,-10,-1,0,0,0,2,19507,2018-07-25 07:32:21:101
1,-10,-1,0,0,0,2,20008,2018-07-25 07:32:21:602
1,-10,-1,0,0,0,2,20507,2018-07-25 07:32:22:101
1,-10,-1,0,0,0,2,21008,2018-07-25 07:32:22:602
1,-10,-1,0,0,0,0,21508,2018-07-25 07:32:23:102
1,-10,-1,0,-1,0,0,22008,2018-07-25 07:32:23:602
1,-10,-1,0,0,0,0,22508,2018-07-25 07:32:24:102
1,-10,0,0,0,1,0,23007,2018-07-25 07:32:24:601
1,-10,-1,0,0,0,2,23507,2018-07-25 07:32:25:101
1,-10,-1,0,0,0,1,24007,2018-07-25 07:32:25:601
1,-10,-1,0,0,0,2,24507,2018-07-25 07:32:26:101
1,-10,-1,0,0,0,2,25007,2018-07-25 07:32:26:601
1,-10,-1,0,0,0,2,25508,2018-07-25 07:32:27:102
1,-10,-1,0,0,0,3,26008,2018-07-25 07:32:27:602
1,-10,-1,0,0,0,2,26508,2018-07-25 07:32:28:102
1,-10,-1,0,0,0,2,27007,2018-07-25 07:32:28:601
1,-10,-1,0,0,0,2,27508,2018-07-25 07:32:29:102
1,-10,-1,0,0,0,2,28007,2018-07-25 07:32:29:601
1,-10,-1,0,0,0,2,28508,2018-07-25 07:32:30:102
1,-10,0,0,0,1,2,29007,2018-07-25 07:32:30:601
1,-10,-1,0,0,0,2,29507,2018-07-25 07:32:31:101
1,-10,-1,0,0,0,2,30007,2018-07-25 07:32:31:601
0,-10,-1,0,0,0,2,30508,2018-07-25 07:32:32:102
0,-10,-1,0,0,0,2,31007,2018-07-25 07:32:32:601
2,-11,-1,1,-1,-2,1,31508,2018-07-25 07:32:33:102
1,-9,3,0,1,1,3,32008,2018-07-25 07:32:33:602
0,-10,-1,-1,0,-1,3,32508,2018-07-25 07:32:34:102
0,-10,1,-1,0,2,5,33007,2018-07-25 07:32:34:601
1,-11,-2,0,-1,-3,5,33508,2018-07-25 07:32:35:102
6,-14,-3,5,-1,-5,5,34008,2018-07-25 07:32:35:602
0,-10,-1,-1,0,1,4,34507,2018-07-25 07:32:36:101
0,-9,1,-2,1,-2,3,35007,2018-07-25 07:32:36:601
-1,-11,-2,-1,-2,-3,3,35507,2018-07-25 07:32:37:101
2,-12,4,-2,-3,4,5,36007,2018-07-25 07:32:37:601
3,-6,4,2,3,2,5,36508,2018-07-25 07:32:38:102
0,-12,8,0,-3,8,2,37008,2018-07-25 07:32:38:602
2,-22,20,0,-5,17,7,37508,2018-07-25 07:32:39:102
0,-10,0,0,0,2,8,38008,2018-07-25 07:32:39:602
2,-3,-2,3,6,-7,8,38508,2018-07-25 07:32:40:102
0,-10,1,-1,1,1,8,39008,2018-07-25 07:32:40:602
2,-3,-3,2,6,-7,8,39508,2018-07-25 07:32:41:102
0,-7,1,-2,2,3,5,40008,2018-07-25 07:32:41:602
-2,-7,-2,-5,2,-4,8,40508,2018-07-25 07:32:42:102
0,-11,3,-2,0,2,8,41007,2018-07-25 07:32:42:601
1,-5,-1,2,3,-4,5,41508,2018-07-25 07:32:43:102
1,-8,-1,-1,1,-4,5,42008,2018-07-25 07:32:43:602
4,-13,-3,2,-4,-6,5,42507,2018-07-25 07:32:44:101
2,-12,-3,1,-6,-5,4,43008,2018-07-25 07:32:44:602
2,-11,2,1,-2,2,4,43508,2018-07-25 07:32:45:102
3,-9,3,1,0,1,9,44007,2018-07-25 07:32:45:601
-1,-10,-1,-3,-1,-3,7,44507,2018-07-25 07:32:46:101
0,-10,0,-1,0,2,14,45007,2018-07-25 07:32:46:601
-1,-9,2,-2,0,0,14,45507,2018-07-25 07:32:47:101
1,-7,4,1,0,2,10,46008,2018-07-25 07:32:47:602
1,-10,-1,-1,-1,1,10,46507,2018-07-25 07:32:48:101
2,-5,-1,2,4,-5,5,47008,2018-07-25 07:32:48:602
1,-9,1,0,0,1,9,47507,2018-07-25 07:32:49:101
-1,-10,-1,-1,-1,2,9,48008,2018-07-25 07:32:49:602
3,-10,5,2,0,1,7,48507,2018-07-25 07:32:50:101
1,-9,2,0,0,0,11,49008,2018-07-25 07:32:50:602
1,-9,2,0,0,0,8,49507,2018-07-25 07:32:51:101
1,-9,2,0,0,0,8,50007,2018-07-25 07:32:51:601
1,-9,2,0,0,0,8,50507,2018-07-25 07:32:52:101
2,-9,2,0,0,0,4,51007,2018-07-25 07:32:52:601
2,-9,1,0,0,-1,5,51508,2018-07-25 07:32:53:102
1,-9,1,-1,0,0,6,52008,2018-07-25 07:32:53:602
2,-10,-1,1,0,-1,6,52508,2018-07-25 07:32:54:102
1,-10,0,0,0,1,8,53008,2018-07-25 07:32:54:602
4,-8,-2,2,1,-1,8,53508,2018-07-25 07:32:55:102
3,-8,0,1,1,-1,5,54007,2018-07-25 07:32:55:601
0,-10,-2,-1,0,-2,6,54507,2018-07-25 07:32:56:101
1,-10,-1,-1,0,1,6,55008,2018-07-25 07:32:56:602
0,-10,1,-1,0,-2,5,55508,2018-07-25 07:32:57:102
0,-10,3,-1,0,1,6,56008,2018-07-25 07:32:57:602
1,-10,2,1,0,2,6,56508,2018-07-25 07:32:58:102
0,-12,-2,-2,-3,-4,6,57007,2018-07-25 07:32:58:601
2,-9,4,0,0,3,6,57508,2018-07-25 07:32:59:102
-1,-9,2,-2,0,3,7,58007,2018-07-25 07:32:59:601
-2,-11,-4,-3,-1,-7,9,58507,2018-07-25 07:33:00:101
1,-9,1,0,1,-1,7,59008,2018-07-25 07:33:00:602
1,-10,1,0,0,2,7,59507,2018-07-25 07:33:01:101
0,-10,-1,-1,0,0,6,60007,2018-07-25 07:33:01:601
2,-9,2,-2,0,2,2,60507,2018-07-25 07:33:02:101
2,-9,2,0,0,0,2,61008,2018-07-25 07:33:02:602
3,-12,-1,1,-2,-2,2,61508,2018-07-25 07:33:03:102
1,-10,3,1,0,4,2,62007,2018-07-25 07:33:03:601
-1,-9,1,-2,0,-1,4,62508,2018-07-25 07:33:04:102
3,-10,2,0,1,0,4,63008,2018-07-25 07:33:04:602
1,-10,-1,0,0,-1,3,63508,2018-07-25 07:33:05:102
1,-10,1,-1,0,2,2,64007,2018-07-25 07:33:05:601
1,-9,3,0,0,1,2,64508,2018-07-25 07:33:06:102
0,-10,0,-1,0,-1,2,65007,2018-07-25 07:33:06:601
4,-10,-4,4,0,-5,9,65508,2018-07-25 07:33:07:102
2,-9,2,0,0,-1,7,66008,2018-07-25 07:33:07:602
0,-10,0,-1,0,0,7,66508,2018-07-25 07:33:08:102
2,-10,-1,0,0,0,9,67007,2018-07-25 07:33:08:601
1,-10,-1,0,0,0,3,67507,2018-07-25 07:33:09:101
1,-10,-1,0,0,0,4,68008,2018-07-25 07:33:09:602
2,-10,-1,0,0,0,2,68507,2018-07-25 07:33:10:101
1,-10,-1,0,0,0,2,69008,2018-07-25 07:33:10:602
1,-10,-1,0,0,0,2,69508,2018-07-25 07:33:11:102
1,-10,-1,0,0,0,0,70008,2018-07-25 07:33:11:602
1,-10,-1,0,0,0,0,70508,2018-07-25 07:33:12:102
1,-10,0,0,0,0,0,71007,2018-07-25 07:33:12:601
1,-10,0,-1,0,1,0,71507,2018-07-25 07:33:13:101
1,-10,-1,-1,0,0,3,72007,2018-07-25 07:33:13:601
1,-10,-1,0,0,-1,3,72508,2018-07-25 07:33:14:102
2,-9,0,1,0,0,5,73008,2018-07-25 07:33:14:602
1,-10,0,0,0,0,5,73508,2018-07-25 07:33:15:102
-1,-10,0,-2,0,1,3,74007,2018-07-25 07:33:15:601
-1,-12,1,-2,-2,1,5,74508,2018-07-25 07:33:16:102
1,-9,4,1,1,1,2,75008,2018-07-25 07:33:16:602
1,-8,1,0,0,0,2,75507,2018-07-25 07:33:17:101
1,-10,0,0,0,0,2,76008,2018-07-25 07:33:17:602
1,-10,-1,0,0,0,2,76508,2018-07-25 07:33:18:102
2,-10,-1,1,0,0,2,77008,2018-07-25 07:33:18:602
2,-9,0,0,1,-1,2,77508,2018-07-25 07:33:19:102
1,-10,-1,-1,0,0,2,78007,2018-07-25 07:33:19:601
1,-10,-1,0,0,0,2,78508,2018-07-25 07:33:20:102
1,-10,-1,0,0,0,3,79007,2018-07-25 07:33:20:601
1,-10,0,0,0,0,3,79507,2018-07-25 07:33:21:101
1,-10,-1,0,0,0,0,80008,2018-07-25 07:33:21:602
1,-10,-1,0,0,0,0,80507,2018-07-25 07:33:22:101
1,-10,0,1,0,0,0,81007,2018-07-25 07:33:22:601
1,-10,-1,0,0,0,0,81508,2018-07-25 07:33:23:102
1,-10,0,0,0,0,0,82007,2018-07-25 07:33:23:601
2,-10,0,1,0,1,0,82507,2018-07-25 07:33:24:101
2,-10,0,0,0,0,0,83008,2018-07-25 07:33:24:602
1,-10,-1,0,0,0,0,83508,2018-07-25 07:33:25:102
1,-10,-1,0,0,0,0,84007,2018-07-25 07:33:25:601
1,-10,0,0,0,0,0,84508,2018-07-25 07:33:26:102
2,-10,0,0,0,0,0,85007,2018-07-25 07:33:26:601
2,-10,0,0,0,1,0,85508,2018-07-25 07:33:27:102
1,-10,0,0,0,0,0,86008,2018-07-25 07:33:27:602
2,-10,-1,1,0,0,0,86507,2018-07-25 07:33:28:101
2,-10,-1,0,0,0,1,87008,2018-07-25 07:33:28:602
1,-10,-1,0,0,0,1,87508,2018-07-25 07:33:29:102
1,-10,0,0,0,0,1,88008,2018-07-25 07:33:29:602
1,-10,-1,0,0,0,1,88507,2018-07-25 07:33:30:101
2,-10,0,1,0,-1,1,89007,2018-07-25 07:33:30:601
2,-10,1,1,0,1,0,89508,2018-07-25 07:33:31:102
2,-10,1,0,0,0,0,90008,2018-07-25 07:33:31:602
2,-9,0,0,0,0,0,90507,2018-07-25 07:33:32:101
2,-9,1,0,0,0,0,91007,2018-07-25 07:33:32:601
2,-10,0,0,0,0,0,91507,2018-07-25 07:33:33:101
2,-10,0,0,0,0,0,92008,2018-07-25 07:33:33:602
2,-9,0,0,0,0,0,92508,2018-07-25 07:33:34:102
2,-10,0,0,0,0,0,93008,2018-07-25 07:33:34:602
2,-10,0,0,0,0,0,93508,2018-07-25 07:33:35:102
1,-10,0,0,0,0,0,94008,2018-07-25 07:33:35:602
2,-10,0,0,0,0,0,94507,2018-07-25 07:33:36:101
2,-10,0,0,0,0,0,95007,2018-07-25 07:33:36:601
2,-10,0,0,0,0,0,95508,2018-07-25 07:33:37:102
2,-10,1,0,0,0,0,96008,2018-07-25 07:33:37:602
2,-10,1,0,0,0,0,96508,2018-07-25 07:33:38:102
2,-10,1,0,0,0,2,97007,2018-07-25 07:33:38:601
2,-9,2,0,0,0,0,97507,2018-07-25 07:33:39:101
2,-10,1,1,0,2,0,98007,2018-07-25 07:33:39:601
1,-10,-1,0,0,0,0,98508,2018-07-25 07:33:40:102
1,-10,-1,0,0,-1,0,99007,2018-07-25 07:33:40:601
3,-10,-1,1,0,-1,0,99507,2018-07-25 07:33:41:101
2,-10,0,0,0,0,0,100007,2018-07-25 07:33:41:601
1,-9,0,-1,0,0,0,100507,2018-07-25 07:33:42:101
0,-10,0,0,0,0,0,101008,2018-07-25 07:33:42:602
-1,-11,0,-3,0,0,0,101508,2018-07-25 07:33:43:102
-1,-10,0,-2,-1,0,0,102007,2018-07-25 07:33:43:601
-2,-11,-2,-3,-1,-3,0,102507,2018-07-25 07:33:44:101
1,-10,-1,0,0,0,0,103008,2018-07-25 07:33:44:602
1,-9,1,0,1,-2,6,103508,2018-07-25 07:33:45:102
2,-9,1,0,0,-1,6,104008,2018-07-25 07:33:45:602
1,-10,0,0,0,0,10,104507,2018-07-25 07:33:46:101
1,-10,0,0,0,0,3,105008,2018-07-25 07:33:46:602
1,-10,0,0,0,0,3,105507,2018-07-25 07:33:47:101
1,-10,0,0,0,0,3,106007,2018-07-25 07:33:47:601
1,-10,-1,0,0,0,0,106507,2018-07-25 07:33:48:101
1,-10,-1,0,0,0,0,107007,2018-07-25 07:33:48:601
1,-10,-1,0,0,0,0,107508,2018-07-25 07:33:49:102
1,-10,-1,1,0,0,0,108007,2018-07-25 07:33:49:601
0,-10,0,0,0,0,0,108508,2018-07-25 07:33:50:102
0,-10,1,-1,0,2,0,109007,2018-07-25 07:33:50:601
1,-11,5,2,-2,5,0,109507,2018-07-25 07:33:51:101
-1,-9,2,0,1,0,0,110008,2018-07-25 07:33:51:602
0,-9,0,-1,1,0,0,110508,2018-07-25 07:33:52:102
6,-13,-2,6,-3,-3,5,111007,2018-07-25 07:33:52:601
4,-1,-7,4,6,-7,5,111508,2018-07-25 07:33:53:102
1,-12,1,0,-2,3,8,112007,2018-07-25 07:33:53:601
1,-6,2,2,4,-2,3,112508,2018-07-25 07:33:54:102
1,-8,1,1,1,1,3,113008,2018-07-25 07:33:54:602
5,-11,4,6,-2,1,6,113507,2018-07-25 07:33:55:101
4,-10,-6,5,2,-8,3,114008,2018-07-25 07:33:55:602
1,-15,0,-1,-4,3,3,114508,2018-07-25 07:33:56:102
7,-23,7,8,-10,5,4,115007,2018-07-25 07:33:56:601
-1,-14,-1,-3,-4,2,4,115507,2018-07-25 07:33:57:101
3,-4,10,0,4,4,7,116008,2018-07-25 07:33:57:602
-1,-12,4,-3,-2,7,7,116508,2018-07-25 07:33:58:102
-4,-18,12,-5,-8,9,7,117008,2018-07-25 07:33:58:602
1,-11,1,0,-2,4,7,117508,2018-07-25 07:33:59:102
6,-4,-3,5,5,-6,9,118008,2018-07-25 07:33:59:602
1,-9,-1,-1,1,1,4,118507,2018-07-25 07:34:00:101
4,-5,-3,5,6,-7,6,119007,2018-07-25 07:34:00:601
1,-9,1,0,1,3,6,119508,2018-07-25 07:34:01:102
4,-5,-2,2,4,-5,6,120008,2018-07-25 07:34:01:602
1,-8,1,-1,1,1,6,120507,2018-07-25 07:34:02:101
0,-7,-2,1,3,-5,11,121007,2018-07-25 07:34:02:601
-1,-12,-3,-2,-4,-5,11,121508,2018-07-25 07:34:03:102
2,-12,7,1,-1,8,7,122007,2018-07-25 07:34:03:601
0,-9,4,-1,0,0,7,122507,2018-07-25 07:34:04:101
0,-9,1,0,1,0,3,123008,2018-07-25 07:34:04:602
0,-10,-1,0,0,-2,9,123507,2018-07-25 07:34:05:101
-1,-10,0,-1,0,0,9,124007,2018-07-25 07:34:05:601
0,-10,0,-3,-1,-1,8,124508,2018-07-25 07:34:06:102
2,-9,4,0,0,2,6,125007,2018-07-25 07:34:06:601
0,-10,1,-1,-1,0,0,125507,2018-07-25 07:34:07:101
0,-15,-4,-2,-5,-4,3,126008,2018-07-25 07:34:07:602
-2,-12,2,-7,0,9,3,126507,2018-07-25 07:34:08:101
1,-9,1,1,1,1,3,127007,2018-07-25 07:34:08:601
-4,-11,1,-6,-2,0,7,127508,2018-07-25 07:34:09:102
0,-16,-2,-1,-7,-4,6,128007,2018-07-25 07:34:09:601
-2,-14,-3,-3,-5,-1,6,128508,2018-07-25 07:34:10:102
2,-9,2,1,1,-1,11,129008,2018-07-25 07:34:10:602
0,-9,0,-1,0,-1,5,129508,2018-07-25 07:34:11:102
-2,-12,-1,-3,-3,-1,5,130007,2018-07-25 07:34:11:601
0,-10,3,-2,0,1,0,130507,2018-07-25 07:34:12:101
3,-10,-2,-5,-1,-4,0,131007,2018-07-25 07:34:12:601
2,-9,3,0,0,0,0,131507,2018-07-25 07:34:13:101
5,-18,3,2,-6,1,2,132007,2018-07-25 07:34:13:601
1,-10,0,0,0,0,5,132507,2018-07-25 07:34:14:101
0,-10,0,-1,0,1,5,133008,2018-07-25 07:34:14:602
2,-10,2,1,0,0,4,133507,2018-07-25 07:34:15:101
2,-9,1,0,0,0,4,134007,2018-07-25 07:34:15:601
1,-10,-1,0,0,-1,2,134507,2018-07-25 07:34:16:101
1,-10,-1,0,0,-1,2,135008,2018-07-25 07:34:16:602
2,-10,0,0,0,0,2,135508,2018-07-25 07:34:17:102
1,-10,0,0,0,0,2,136007,2018-07-25 07:34:17:601
2,-10,0,0,0,0,0,136507,2018-07-25 07:34:18:101
2,-10,0,0,0,0,0,137008,2018-07-25 07:34:18:602
2,-10,0,0,0,0,0,137508,2018-07-25 07:34:19:102
2,-10,0,0,0,0,0,138007,2018-07-25 07:34:19:601
2,-10,0,0,0,0,0,138507,2018-07-25 07:34:20:101
2,-10,0,0,0,0,0,139007,2018-07-25 07:34:20:601
2,-10,0,0,0,0,0,139507,2018-07-25 07:34:21:101
2,-10,0,0,0,0,0,140007,2018-07-25 07:34:21:601
2,-10,0,0,0,0,0,140508,2018-07-25 07:34:22:102
2,-10,0,0,0,0,0,141007,2018-07-25 07:34:22:601
2,-10,0,0,0,0,0,141508,2018-07-25 07:34:23:102
2,-10,0,0,0,0,0,142007,2018-07-25 07:34:23:601
2,-10,0,0,0,0,0,142507,2018-07-25 07:34:24:101
1,-10,0,-1,0,0,0,143007,2018-07-25 07:34:24:601
1,-10,0,0,0,0,0,143508,2018-07-25 07:34:25:102
2,-10,0,0,0,0,0,144008,2018-07-25 07:34:25:602
2,-10,0,0,0,0,0,144507,2018-07-25 07:34:26:101
2,-10,0,0,0,0,0,145008,2018-07-25 07:34:26:602
2,-10,0,0,0,0,0,145507,2018-07-25 07:34:27:101
1,-10,0,0,0,0,0,146007,2018-07-25 07:34:27:601
1,-10,0,-1,0,-1,0,146507,2018-07-25 07:34:28:101
1,-9,2,0,0,0,0,147008,2018-07-25 07:34:28:602
2,-10,1,1,0,1,8,147507,2018-07-25 07:34:29:101
-1,-10,-1,-1,0,-2,8,148007,2018-07-25 07:34:29:601
-2,-10,0,-2,-2,1,8,148507,2018-07-25 07:34:30:101
2,-10,1,0,-1,-1,5,149008,2018-07-25 07:34:30:602
1,-9,1,-1,0,-1,5,149508,2018-07-25 07:34:31:102
2,-9,2,0,0,0,2,150007,2018-07-25 07:34:31:601
4,-9,2,-2,0,1,1,150508,2018-07-25 07:34:32:102
-2,-13,-1,-4,-3,-5,4,151007,2018-07-25 07:34:32:601
-8,-7,2,-2,1,-4,11,151508,2018-07-25 07:34:33:102
-6,-1,11,-3,1,1,11,152007,2018-07-25 07:34:33:601
1,6,5,-1,-1,-2,87,152507,2018-07-25 07:34:34:101
2,6,8,0,0,0,124,153008,2018-07-25 07:34:34:602
-3,4,5,-5,-2,-1,81,153508,2018-07-25 07:34:35:102
5,5,13,-1,-1,3,81,154008,2018-07-25 07:34:35:602
1,-1,15,-3,-1,2,52,154508,2018-07-25 07:34:36:102
0,0,9,1,0,-1,52,155008,2018-07-25 07:34:36:602
2,1,7,0,-1,-3,12,155508,2018-07-25 07:34:37:102
-1,2,9,-1,0,0,6,156007,2018-07-25 07:34:37:601
0,2,10,-1,0,1,6,156507,2018-07-25 07:34:38:101
-1,1,8,-1,-2,-1,107,157008,2018-07-25 07:34:38:602
3,2,13,1,1,3,120,157507,2018-07-25 07:34:39:101
0,4,9,-1,0,0,127,158007,2018-07-25 07:34:39:601
1,4,9,0,0,0,130,158507,2018-07-25 07:34:40:101
1,4,9,0,0,0,130,159007,2018-07-25 07:34:40:601
1,4,9,0,0,0,112,159507,2018-07-25 07:34:41:101
1,3,9,0,0,0,106,160007,2018-07-25 07:34:41:601
1,4,10,0,0,1,105,160507,2018-07-25 07:34:42:101
1,3,9,0,0,0,105,161007,2018-07-25 07:34:42:601
2,3,9,0,0,0,118,161507,2018-07-25 07:34:43:101
2,3,9,0,0,0,107,162008,2018-07-25 07:34:43:602
1,3,10,0,0,0,102,162508,2018-07-25 07:34:44:102
1,3,10,0,0,1,109,163008,2018-07-25 07:34:44:602
1,3,9,0,0,0,109,163508,2018-07-25 07:34:45:102
1,3,9,0,0,0,104,164008,2018-07-25 07:34:45:602
2,4,9,0,0,0,114,164508,2018-07-25 07:34:46:102
4,2,9,2,-1,0,123,165007,2018-07-25 07:34:46:601
1,3,10,-2,-1,1,123,165507,2018-07-25 07:34:47:101
4,4,7,0,-1,0,119,166007,2018-07-25 07:34:47:601
3,5,9,0,2,0,101,166507,2018-07-25 07:34:48:101
1,3,9,-1,2,-1,107,167008,2018-07-25 07:34:48:602
2,1,9,1,0,-1,95,167507,2018-07-25 07:34:49:101
1,1,8,1,-1,-1,95,168008,2018-07-25 07:34:49:602
6,1,8,2,-3,0,211,168508,2018-07-25 07:34:50:102
8,1,-1,-1,-3,-2,442,169007,2018-07-25 07:34:50:601
5,0,-4,-2,-1,3,29,169508,2018-07-25 07:34:51:102
8,-2,-5,0,-2,1,25,170008,2018-07-25 07:34:51:602
7,0,-6,0,0,0,25,170507,2018-07-25 07:34:52:101
9,-3,-7,0,-2,0,23,171007,2018-07-25 07:34:52:601
6,2,12,-1,1,4,21,171507,2018-07-25 07:34:53:101
2,5,5,1,-1,-2,172,172008,2018-07-25 07:34:53:602
0,9,-2,0,0,-5,172,172507,2018-07-25 07:34:54:101
0,9,5,0,0,0,108,173008,2018-07-25 07:34:54:602
1,8,5,0,1,-2,106,173507,2018-07-25 07:34:55:101
1,8,6,0,0,1,240,174007,2018-07-25 07:34:55:601
0,6,11,-3,-2,6,172,174507,2018-07-25 07:34:56:101
2,5,8,0,0,0,172,175008,2018-07-25 07:34:56:602
1,5,8,0,0,0,121,175508,2018-07-25 07:34:57:102
1,5,9,0,0,0,384,176007,2018-07-25 07:34:57:601
1,5,8,0,0,0,384,176508,2018-07-25 07:34:58:102
1,5,8,0,0,0,311,177008,2018-07-25 07:34:58:602
1,5,8,0,0,0,311,177508,2018-07-25 07:34:59:102
1,6,9,0,0,1,309,178007,2018-07-25 07:34:59:601
1,5,9,0,0,1,325,178508,2018-07-25 07:35:00:102
1,5,9,0,0,1,360,179008,2018-07-25 07:35:00:602
1,5,8,0,0,0,360,179508,2018-07-25 07:35:01:102
1,5,8,0,0,0,349,180008,2018-07-25 07:35:01:602
1,5,8,0,0,0,330,180510,2018-07-25 07:35:02:104
1,5,8,0,0,0,335,181007,2018-07-25 07:35:02:601
1,5,8,0,0,0,331,181507,2018-07-25 07:35:03:101
1,5,9,0,0,0,331,182008,2018-07-25 07:35:03:602
1,5,7,0,0,-1,335,182508,2018-07-25 07:35:04:102
6,7,7,3,2,-1,346,183007,2018-07-25 07:35:04:601
1,6,8,2,1,-1,346,183507,2018-07-25 07:35:05:101
1,4,11,0,0,2,263,184007,2018-07-25 07:35:05:601
1,6,8,0,0,0,263,184507,2018-07-25 07:35:06:101
1,4,6,0,0,-2,466,185007,2018-07-25 07:35:06:601
1,7,3,0,2,-5,636,185508,2018-07-25 07:35:07:102
2,4,9,-1,0,0,335,186008,2018-07-25 07:35:07:602
2,5,8,0,0,0,335,186509,2018-07-25 07:35:08:103
3,6,8,0,0,-1,516,187008,2018-07-25 07:35:08:602
3,4,8,0,0,0,445,187508,2018-07-25 07:35:09:102
4,6,5,2,2,-3,469,188007,2018-07-25 07:35:09:601
4,6,7,0,1,-1,331,188507,2018-07-25 07:35:10:101
6,3,10,3,0,1,331,189008,2018-07-25 07:35:10:602
3,3,8,0,1,-1,92,189508,2018-07-25 07:35:11:102
3,1,7,-1,-1,-1,9,190008,2018-07-25 07:35:11:602
3,0,11,1,-2,2,9,190507,2018-07-25 07:35:12:101
4,2,13,2,-1,2,40,191007,2018-07-25 07:35:12:601
0,7,6,0,2,-2,40,191507,2018-07-25 07:35:13:101
2,7,10,2,1,2,87,192007,2018-07-25 07:35:13:601
1,8,8,0,2,0,85,192507,2018-07-25 07:35:14:101
1,8,8,-1,1,1,18,193007,2018-07-25 07:35:14:601
2,8,8,0,1,1,18,193507,2018-07-25 07:35:15:101
1,7,6,0,0,-1,58,194008,2018-07-25 07:35:15:602
-1,8,5,-2,1,-3,25,194508,2018-07-25 07:35:16:102
1,5,8,0,0,0,176,195008,2018-07-25 07:35:16:602
0,8,6,-3,0,0,48,195508,2018-07-25 07:35:17:102
4,6,10,2,-1,3,48,196008,2018-07-25 07:35:17:602
0,7,12,-2,2,4,38,196507,2018-07-25 07:35:18:101
2,6,10,1,1,1,29,197007,2018-07-25 07:35:18:601
1,8,8,-1,2,0,29,197508,2018-07-25 07:35:19:102
3,7,8,2,1,1,123,198008,2018-07-25 07:35:19:602
2,9,7,0,1,0,10,198508,2018-07-25 07:35:20:102
3,8,8,2,1,1,72,199008,2018-07-25 07:35:20:602
2,9,7,1,2,1,187,199507,2018-07-25 07:35:21:101
3,8,11,2,1,4,227,200007,2018-07-25 07:35:21:601
2,8,12,1,2,4,227,200507,2018-07-25 07:35:22:101
2,6,9,0,0,1,60,201008,2018-07-25 07:35:22:602
2,6,7,0,1,-1,42,201508,2018-07-25 07:35:23:102
2,4,13,-1,-1,5,35,202008,2018-07-25 07:35:23:602
0,5,11,-1,0,2,190,202508,2018-07-25 07:35:24:102
2,5,8,0,0,0,190,203008,2018-07-25 07:35:24:602
2,6,7,0,1,-1,129,203508,2018-07-25 07:35:25:102
2,4,7,0,-1,-2,50,204008,2018-07-25 07:35:25:602
0,5,7,-1,0,-1,50,204508,2018-07-25 07:35:26:102
5,1,14,3,-4,7,28,205007,2018-07-25 07:35:26:601
-10,-4,-1,-3,1,-7,133,205508,2018-07-25 07:35:27:102
-9,-2,2,-1,-2,-3,280,206008,2018-07-25 07:35:27:602
3,-5,-5,3,5,-6,87,206508,2018-07-25 07:35:28:102
0,-10,5,-1,0,4,5,207008,2018-07-25 07:35:28:602
1,-10,0,0,0,0,5,207508,2018-07-25 07:35:29:102
1,-10,0,0,0,1,4,208007,2018-07-25 07:35:29:601
1,-10,0,0,0,0,4,208507,2018-07-25 07:35:30:101
0,-10,0,-1,0,0,4,209007,2018-07-25 07:35:30:601
1,-9,0,0,0,0,2,209507,2018-07-25 07:35:31:101
2,-10,0,0,0,1,2,210008,2018-07-25 07:35:31:602
2,-10,-1,0,0,0,0,210508,2018-07-25 07:35:32:102
1,-10,0,0,0,0,0,211007,2018-07-25 07:35:32:601
1,-10,-1,0,0,0,0,211508,2018-07-25 07:35:33:102
1,-10,-1,0,0,0,2,212007,2018-07-25 07:35:33:601
1,-10,-1,0,0,0,4,212507,2018-07-25 07:35:34:101
1,-10,0,0,0,0,6,213008,2018-07-25 07:35:34:602
0,-10,0,-1,0,0,5,213508,2018-07-25 07:35:35:102
0,-10,1,-1,0,2,5,214008,2018-07-25 07:35:35:602
2,-9,1,1,1,0,5,214507,2018-07-25 07:35:36:101
-2,-9,0,-2,0,1,5,215007,2018-07-25 07:35:36:601
1,-9,0,0,0,0,14,215508,2018-07-25 07:35:37:102
1,-10,-1,0,0,0,14,216008,2018-07-25 07:35:37:602
7,-12,5,5,-2,6,13,216508,2018-07-25 07:35:38:102
3,-9,7,2,1,2,13,217008,2018-07-25 07:35:38:602
-1,-9,0,-2,0,1,5,217508,2018-07-25 07:35:39:102
3,-9,-1,2,0,-3,6,218008,2018-07-25 07:35:39:602
2,-9,-1,0,0,-2,6,218508,2018-07-25 07:35:40:102
0,-12,0,-1,-2,1,4,219008,2018-07-25 07:35:40:602
3,-4,0,3,5,-4,4,219507,2018-07-25 07:35:41:101
0,-10,6,-1,-1,3,2,220007,2018-07-25 07:35:41:601
3,-11,1,3,-2,-3,3,220507,2018-07-25 07:35:42:101
0,-8,-3,-1,3,-5,0,221008,2018-07-25 07:35:42:602
2,-13,12,1,-3,13,0,221508,2018-07-25 07:35:43:102
0,-8,2,0,1,-2,4,222008,2018-07-25 07:35:43:602
0,-11,2,-2,-1,0,6,222507,2018-07-25 07:35:44:101
2,-13,-2,1,-3,-3,6,223008,2018-07-25 07:35:44:602
3,-10,3,1,-2,1,3,223507,2018-07-25 07:35:45:101
0,-10,0,-1,0,0,3,224008,2018-07-25 07:35:45:602
-1,-10,0,0,0,1,0,224508,2018-07-25 07:35:46:102
0,-10,0,0,0,0,1,225007,2018-07-25 07:35:46:601
2,-9,1,1,0,0,1,225507,2018-07-25 07:35:47:101
1,-8,0,0,1,0,1,226008,2018-07-25 07:35:47:602
0,-10,0,-1,-1,0,1,226508,2018-07-25 07:35:48:102
-1,-10,1,-2,0,2,0,227007,2018-07-25 07:35:48:601
4,-9,0,2,0,-1,0,227507,2018-07-25 07:35:49:101
3,-10,0,3,-2,0,3,228008,2018-07-25 07:35:49:602
2,-10,2,1,0,2,3,228507,2018-07-25 07:35:50:101
2,-10,1,1,-1,-2,2,229008,2018-07-25 07:35:50:602
1,-8,3,0,1,0,2,229508,2018-07-25 07:35:51:102
0,-10,0,-1,0,-1,2,230008,2018-07-25 07:35:51:602
-1,-10,0,-1,0,0,0,230508,2018-07-25 07:35:52:102
-1,-10,-1,-1,0,0,0,231008,2018-07-25 07:35:52:602
-2,-9,3,-1,0,-1,0,231508,2018-07-25 07:35:53:102
1,-10,0,0,0,-1,0,232008,2018-07-25 07:35:53:602
1,-10,0,0,0,0,0,232507,2018-07-25 07:35:54:101
1,-10,0,0,0,0,0,233007,2018-07-25 07:35:54:601
0,-10,0,-1,0,0,1,233507,2018-07-25 07:35:55:101
-1,-10,-2,-1,0,-2,4,234007,2018-07-25 07:35:55:601
0,-9,1,-3,0,1,4,234508,2018-07-25 07:35:56:102
3,-6,2,3,2,-1,2,235007,2018-07-25 07:35:56:601
-1,-9,2,-5,3,2,2,235507,2018-07-25 07:35:57:101
-1,-14,3,-3,-5,3,2,236007,2018-07-25 07:35:57:601
-9,-7,3,-2,1,-2,9,236507,2018-07-25 07:35:58:101
-8,-2,2,-1,2,1,9,237008,2018-07-25 07:35:58:602
1,0,6,4,-4,-2,52,237508,2018-07-25 07:35:59:102
0,3,6,1,-1,-2,47,238008,2018-07-25 07:35:59:602
-1,3,8,0,-1,0,32,238507,2018-07-25 07:36:00:101
0,1,11,0,-2,2,30,239008,2018-07-25 07:36:00:602
2,5,8,2,1,0,30,239507,2018-07-25 07:36:01:101
-1,5,7,-1,-1,0,25,240008,2018-07-25 07:36:01:602
-3,6,8,-2,1,0,24,240508,2018-07-25 07:36:02:102
0,5,6,0,-1,-2,18,241007,2018-07-25 07:36:02:601
1,4,12,1,0,3,18,241507,2018-07-25 07:36:03:101
0,5,9,-1,0,1,12,242007,2018-07-25 07:36:03:601
1,4,8,0,-1,-1,12,242507,2018-07-25 07:36:04:101
-1,4,10,-1,0,1,14,243008,2018-07-25 07:36:04:602
-1,4,9,-1,0,0,14,243508,2018-07-25 07:36:05:102
-1,4,9,0,0,0,14,244008,2018-07-25 07:36:05:602
-1,4,9,0,0,0,13,244508,2018-07-25 07:36:06:102
-1,4,9,0,0,0,11,245007,2018-07-25 07:36:06:601
-3,5,8,0,0,0,10,245508,2018-07-25 07:36:07:102
-2,4,9,0,0,0,9,246008,2018-07-25 07:36:07:602
-1,4,9,0,0,0,9,246508,2018-07-25 07:36:08:102
-1,4,9,0,0,0,8,247008,2018-07-25 07:36:08:602
-1,4,9,0,0,0,8,247507,2018-07-25 07:36:09:101
-1,4,9,0,0,0,8,248007,2018-07-25 07:36:09:601
-1,4,9,0,0,0,8,248507,2018-07-25 07:36:10:101
-1,4,9,0,0,0,9,249008,2018-07-25 07:36:10:602
-1,4,9,0,0,0,9,249508,2018-07-25 07:36:11:102
-1,4,9,0,0,0,9,250008,2018-07-25 07:36:11:602
-1,3,9,0,0,0,9,250508,2018-07-25 07:36:12:102
-1,3,10,0,0,0,9,251008,2018-07-25 07:36:12:602
-1,3,10,0,0,0,9,251508,2018-07-25 07:36:13:102
-1,3,10,0,0,0,10,252008,2018-07-25 07:36:13:602
-1,3,10,0,0,0,10,252508,2018-07-25 07:36:14:102
-1,3,10,0,0,0,10,253007,2018-07-25 07:36:14:601
0,3,10,0,0,0,10,253507,2018-07-25 07:36:15:101
0,3,10,0,0,0,11,254008,2018-07-25 07:36:15:602
0,2,10,0,0,0,10,254507,2018-07-25 07:36:16:101
-1,3,9,0,0,0,11,255007,2018-07-25 07:36:16:601
-1,3,10,-1,0,0,11,255507,2018-07-25 07:36:17:101
-1,3,9,-1,1,-1,11,256007,2018-07-25 07:36:17:601
0,1,7,-1,-1,-2,11,256507,2018-07-25 07:36:18:101
1,4,9,1,0,-1,11,257007,2018-07-25 07:36:18:601
-1,2,10,-1,-1,1,13,257507,2018-07-25 07:36:19:101
-2,4,10,0,2,0,13,258007,2018-07-25 07:36:19:601
-1,2,10,-1,-2,1,54,258508,2018-07-25 07:36:20:102
-5,3,9,-4,0,0,111,259007,2018-07-25 07:36:20:601
-1,2,5,0,0,-4,28,259508,2018-07-25 07:36:21:102
-6,1,11,-4,-1,1,29,260008,2018-07-25 07:36:21:602
2,4,11,3,1,2,29,260508,2018-07-25 07:36:22:102
0,1,15,-1,-1,7,23,261007,2018-07-25 07:36:22:601
1,3,14,0,-1,5,17,261508,2018-07-25 07:36:23:102
0,5,8,-1,-1,-1,10,262008,2018-07-25 07:36:23:602
1,4,8,1,-2,0,10,262508,2018-07-25 07:36:24:102
2,5,8,3,-2,0,205,263008,2018-07-25 07:36:24:602
0,6,7,1,0,0,109,263508,2018-07-25 07:36:25:102
-1,4,7,-1,-1,-1,81,264008,2018-07-25 07:36:25:602
0,2,12,0,-1,3,244,264507,2018-07-25 07:36:26:101
-2,2,13,-2,-1,1,244,265008,2018-07-25 07:36:26:602
6,1,11,5,0,1,216,265508,2018-07-25 07:36:27:102
-2,5,9,-1,0,0,47,266007,2018-07-25 07:36:27:601
-1,4,10,-1,0,0,27,266508,2018-07-25 07:36:28:102
-1,4,8,0,-1,-1,21,267007,2018-07-25 07:36:28:601
-5,1,14,-4,-2,5,21,267507,2018-07-25 07:36:29:101
-3,4,14,2,1,2,9,268008,2018-07-25 07:36:29:602
-1,6,3,-2,-1,-3,61,268508,2018-07-25 07:36:30:102
0,6,7,2,-1,0,8,269008,2018-07-25 07:36:30:602
3,1,12,3,-3,3,8,269508,2018-07-25 07:36:31:102
2,2,10,-1,0,1,11,270008,2018-07-25 07:36:31:602
0,7,15,-2,4,6,15,270508,2018-07-25 07:36:32:102
0,3,11,0,0,2,55,271008,2018-07-25 07:36:32:602
1,1,10,1,-1,0,35,271507,2018-07-25 07:36:33:101
-1,5,10,-2,1,1,35,272007,2018-07-25 07:36:33:601
1,3,10,0,0,0,37,272507,2018-07-25 07:36:34:101
0,3,9,0,0,0,38,273007,2018-07-25 07:36:34:601
0,3,10,0,0,0,40,273508,2018-07-25 07:36:35:102
0,3,10,0,0,0,40,274007,2018-07-25 07:36:35:601
0,3,10,0,0,0,40,274508,2018-07-25 07:36:36:102
0,4,9,0,0,0,39,275008,2018-07-25 07:36:36:602
-1,5,8,0,0,0,31,275507,2018-07-25 07:36:37:101
-1,5,8,0,0,0,22,276007,2018-07-25 07:36:37:601
0,2,10,0,0,0,22,276507,2018-07-25 07:36:38:101
0,2,10,0,0,0,16,277008,2018-07-25 07:36:38:602
0,2,10,0,0,0,24,277508,2018-07-25 07:36:39:102
0,2,10,0,0,0,34,278007,2018-07-25 07:36:39:601
0,2,10,0,0,0,42,278508,2018-07-25 07:36:40:102
1,2,10,0,0,0,42,279008,2018-07-25 07:36:40:602
1,1,10,0,0,0,43,279508,2018-07-25 07:36:41:102
0,2,10,0,0,0,56,280007,2018-07-25 07:36:41:601
0,2,10,0,0,0,49,280508,2018-07-25 07:36:42:102
0,2,10,0,0,0,49,281008,2018-07-25 07:36:42:602
1,2,10,0,0,0,45,281508,2018-07-25 07:36:43:102
1,2,10,0,0,0,45,282007,2018-07-25 07:36:43:601
3,2,9,0,0,0,45,282507,2018-07-25 07:36:44:101
4,2,9,0,0,0,64,283008,2018-07-25 07:36:44:602
-2,2,9,-1,0,0,64,283508,2018-07-25 07:36:45:102
-3,2,9,0,0,0,71,284007,2018-07-25 07:36:45:601
-2,2,10,0,0,0,16,284508,2018-07-25 07:36:46:102
0,1,10,0,0,0,16,285008,2018-07-25 07:36:46:602
1,1,10,0,0,0,26,285508,2018-07-25 07:36:47:102
1,1,10,0,0,0,26,286008,2018-07-25 07:36:47:602
1,1,10,0,0,0,51,286508,2018-07-25 07:36:48:102
0,1,10,0,0,1,53,287008,2018-07-25 07:36:48:602
0,3,9,0,0,0,49,287508,2018-07-25 07:36:49:102
0,4,9,0,0,0,49,288008,2018-07-25 07:36:49:602
-1,4,9,0,0,0,39,288508,2018-07-25 07:36:50:102
0,4,9,0,0,0,35,289008,2018-07-25 07:36:50:602
0,4,9,0,0,0,29,289508,2018-07-25 07:36:51:102
-1,4,9,0,0,0,24,290008,2018-07-25 07:36:51:602
-1,3,10,0,0,1,24,290507,2018-07-25 07:36:52:101
-2,2,11,0,-1,1,20,291008,2018-07-25 07:36:52:602
-1,2,8,0,1,-1,21,291507,2018-07-25 07:36:53:101
2,3,11,0,1,2,21,292007,2018-07-25 07:36:53:601
0,3,9,0,0,0,53,292508,2018-07-25 07:36:54:102
-1,6,4,-1,0,-3,53,293011,2018-07-25 07:36:54:605
-1,7,8,0,0,1,17,293508,2018-07-25 07:36:55:102
-1,7,7,0,0,0,13,294007,2018-07-25 07:36:55:601
-1,7,7,0,0,0,12,294508,2018-07-25 07:36:56:102
-1,7,7,0,0,0,12,295007,2018-07-25 07:36:56:601
-1,7,7,0,0,0,8,295507,2018-07-25 07:36:57:101
-1,7,7,0,0,0,8,296007,2018-07-25 07:36:57:601
-1,7,7,0,0,0,8,296507,2018-07-25 07:36:58:101
1,-3,9,1,0,-1,8,297008,2018-07-25 07:36:58:602
0,-2,10,0,0,0,8,297508,2018-07-25 07:36:59:102
0,-2,11,0,0,1,22,298008,2018-07-25 07:36:59:602
-1,6,7,0,0,-1,50,298508,2018-07-25 07:37:00:102
0,5,8,0,0,0,50,299008,2018-07-25 07:37:00:602
0,5,8,0,0,0,12,299508,2018-07-25 07:37:01:102
0,0,10,0,0,0,12,300007,2018-07-25 07:37:01:601
0,3,9,0,0,0,22,300507,2018-07-25 07:37:02:101
0,3,9,0,0,0,25,301007,2018-07-25 07:37:02:601
0,0,11,0,0,2,28,301507,2018-07-25 07:37:03:101
0,4,9,0,0,0,28,302007,2018-07-25 07:37:03:601
0,4,9,0,0,0,27,302507,2018-07-25 07:37:04:101
0,3,10,0,0,0,25,303008,2018-07-25 07:37:04:602
-1,-2,8,-2,-4,-1,31,303508,2018-07-25 07:37:05:102
-2,1,6,-1,1,-3,50,304008,2018-07-25 07:37:05:602
-2,-8,18,-2,-7,8,50,304508,2018-07-25 07:37:06:102
13,-33,36,16,-32,26,42,305008,2018-07-25 07:37:06:602
0,-1,12,0,-1,2,44,305507,2018-07-25 07:37:07:101
0,0,10,0,0,0,44,306007,2018-07-25 07:37:07:601
1,0,9,0,0,0,46,306507,2018-07-25 07:37:08:101
3,-1,12,2,-1,2,48,307008,2018-07-25 07:37:08:602
0,4,20,-2,5,10,49,307508,2018-07-25 07:37:09:102
0,1,9,0,-1,0,47,308007,2018-07-25 07:37:09:601
0,0,10,0,0,0,41,308507,2018-07-25 07:37:10:101
-1,1,10,0,0,0,41,309007,2018-07-25 07:37:10:601
-2,0,12,-1,0,2,37,309507,2018-07-25 07:37:11:101
-11,-29,1,-8,-29,-8,33,310007,2018-07-25 07:37:11:601
-24,29,-14,-22,26,-26,32,310508,2018-07-25 07:37:12:102
1,1,10,1,0,0,30,311007,2018-07-25 07:37:12:601
0,2,10,0,0,0,30,311508,2018-07-25 07:37:13:102
0,0,9,0,0,0,25,312007,2018-07-25 07:37:13:601
0,0,10,0,0,0,28,312507,2018-07-25 07:37:14:101
0,0,10,0,0,0,28,313007,2018-07-25 07:37:14:601
3,-2,10,1,0,1,32,313507,2018-07-25 07:37:15:101
-11,5,-2,-7,2,-9,38,314007,2018-07-25 07:37:15:601
12,-4,-8,13,-4,-18,29,314507,2018-07-25 07:37:16:101
13,-5,-2,10,-4,-8,30,315007,2018-07-25 07:37:16:601
-5,-9,20,1,-10,12,24,315507,2018-07-25 07:37:17:101
-2,1,9,2,1,0,24,316007,2018-07-25 07:37:17:601
-3,2,10,0,0,0,37,316508,2018-07-25 07:37:18:102
-1,1,10,0,0,0,26,317007,2018-07-25 07:37:18:601
0,0,10,0,0,0,26,317507,2018-07-25 07:37:19:101
0,0,10,0,0,0,30,318008,2018-07-25 07:37:19:602
0,0,10,0,0,0,30,318507,2018-07-25 07:37:20:101
0,-1,10,0,0,0,42,319007,2018-07-25 07:37:20:601
0,0,10,0,0,0,46,319507,2018-07-25 07:37:21:101
0,0,9,1,0,-1,46,320008,2018-07-25 07:37:21:602
0,1,10,0,0,0,48,320508,2018-07-25 07:37:22:102
0,1,10,0,0,0,45,321008,2018-07-25 07:37:22:602
0,1,10,0,0,0,42,321508,2018-07-25 07:37:23:102
0,1,10,0,0,0,39,322008,2018-07-25 07:37:23:602
0,1,10,0,0,0,40,322508,2018-07-25 07:37:24:102
0,1,10,0,0,0,40,323008,2018-07-25 07:37:24:602
0,1,10,0,0,0,41,323507,2018-07-25 07:37:25:101
0,0,10,0,0,0,41,324007,2018-07-25 07:37:25:601
0,0,10,0,0,0,41,324507,2018-07-25 07:37:26:101
0,0,10,0,0,0,45,325007,2018-07-25 07:37:26:601
0,0,10,0,0,0,45,325507,2018-07-25 07:37:27:101
0,0,10,0,0,0,47,326008,2018-07-25 07:37:27:602
0,0,10,0,0,0,48,326508,2018-07-25 07:37:28:102
3,0,9,0,0,0,48,327007,2018-07-25 07:37:28:601
5,1,8,0,0,-1,48,327507,2018-07-25 07:37:29:101
6,0,7,0,0,0,86,328007,2018-07-25 07:37:29:601
4,0,9,0,0,0,103,328508,2018-07-25 07:37:30:102
2,0,10,0,0,0,99,329008,2018-07-25 07:37:30:602
2,1,9,0,0,0,67,329508,2018-07-25 07:37:31:102
2,1,10,0,0,0,67,330008,2018-07-25 07:37:31:602
2,1,10,0,0,0,65,330508,2018-07-25 07:37:32:102
2,1,10,0,0,0,65,331008,2018-07-25 07:37:32:602
2,1,10,0,0,0,65,331507,2018-07-25 07:37:33:101
2,1,10,0,0,0,59,332007,2018-07-25 07:37:33:601
2,1,10,0,0,0,59,332508,2018-07-25 07:37:34:102
1,1,9,-1,0,0,68,333008,2018-07-25 07:37:34:602
2,1,10,0,0,0,65,333507,2018-07-25 07:37:35:101
2,1,10,0,0,0,65,334007,2018-07-25 07:37:35:601
1,1,10,0,0,0,58,334507,2018-07-25 07:37:36:101
2,1,10,0,0,0,58,335007,2018-07-25 07:37:36:601
1,1,10,0,0,0,57,335507,2018-07-25 07:37:37:101
1,1,10,0,0,0,54,336010,2018-07-25 07:37:37:604
1,1,10,0,0,0,55,336507,2018-07-25 07:37:38:101
1,1,10,0,0,0,55,337007,2018-07-25 07:37:38:601
1,1,10,0,0,0,54,337507,2018-07-25 07:37:39:101
1,1,10,0,0,0,54,338008,2018-07-25 07:37:39:602
1,1,10,0,0,0,54,338508,2018-07-25 07:37:40:102
1,1,10,0,0,0,57,339008,2018-07-25 07:37:40:602
1,1,10,0,0,0,54,339508,2018-07-25 07:37:41:102
1,1,10,0,0,0,55,340007,2018-07-25 07:37:41:601
1,1,10,0,0,0,56,340507,2018-07-25 07:37:42:101
1,1,10,0,0,0,56,341007,2018-07-25 07:37:42:601
0,2,8,1,0,-1,55,341507,2018-07-25 07:37:43:101
-1,2,9,0,0,-1,46,342008,2018-07-25 07:37:43:602
-1,2,10,0,0,0,37,342508,2018-07-25 07:37:44:102
-1,1,10,0,0,0,35,343007,2018-07-25 07:37:44:601
-1,1,10,0,0,0,32,343508,2018-07-25 07:37:45:102
-1,1,10,0,0,0,32,344008,2018-07-25 07:37:45:602
-1,1,10,0,0,0,35,344507,2018-07-25 07:37:46:101
-1,1,10,0,0,0,37,345008,2018-07-25 07:37:46:602
-1,1,10,0,0,0,37,345508,2018-07-25 07:37:47:102
-1,1,10,0,0,0,37,346008,2018-07-25 07:37:47:602
-1,2,9,0,0,0,36,346507,2018-07-25 07:37:48:101
-1,2,10,0,0,0,36,347007,2018-07-25 07:37:48:601
-1,2,10,0,0,0,36,347508,2018-07-25 07:37:49:102
-1,2,10,0,0,0,36,348007,2018-07-25 07:37:49:601
-1,2,10,0,0,0,36,348507,2018-07-25 07:37:50:101
-1,2,10,0,0,0,35,349007,2018-07-25 07:37:50:601
-1,2,10,0,0,0,35,349508,2018-07-25 07:37:51:102
-1,3,9,0,0,0,36,350008,2018-07-25 07:37:51:602
-1,3,9,0,0,0,29,350507,2018-07-25 07:37:52:101
-1,3,9,0,0,0,29,351008,2018-07-25 07:37:52:602
-1,3,9,0,0,0,27,351508,2018-07-25 07:37:53:102
-1,3,9,0,0,0,25,352008,2018-07-25 07:37:53:602
-1,3,9,0,0,0,25,352507,2018-07-25 07:37:54:101
1,2,10,1,0,1,30,353008,2018-07-25 07:37:54:602
-1,2,9,0,0,0,30,353507,2018-07-25 07:37:55:101
0,2,9,1,0,-1,31,354007,2018-07-25 07:37:55:601
-1,2,9,0,0,0,33,354508,2018-07-25 07:37:56:102
-1,2,10,0,-1,0,33,355007,2018-07-25 07:37:56:601
-1,3,9,-1,0,-1,37,355507,2018-07-25 07:37:57:101
1,3,9,0,0,0,69,356008,2018-07-25 07:37:57:602
0,5,7,0,-1,-1,105,356508,2018-07-25 07:37:58:102
0,6,8,0,1,0,105,357008,2018-07-25 07:37:58:602
1,4,8,0,-1,0,51,357508,2018-07-25 07:37:59:102
-1,2,12,-1,-1,3,51,358009,2018-07-25 07:37:59:603
-5,4,9,-3,2,0,54,358508,2018-07-25 07:38:00:102
-2,2,10,0,0,0,30,359007,2018-07-25 07:38:00:601
-1,2,10,0,0,0,30,359508,2018-07-25 07:38:01:102
-1,2,10,0,0,0,30,360008,2018-07-25 07:38:01:602
-1,2,10,0,0,0,31,360507,2018-07-25 07:38:02:101
-1,2,10,0,0,0,31,361008,2018-07-25 07:38:02:602
0,2,10,0,0,0,32,361507,2018-07-25 07:38:03:101
-1,0,9,1,-1,0,32,362008,2018-07-25 07:38:03:602
-1,0,10,-1,-1,1,33,362508,2018-07-25 07:38:04:102
1,0,11,1,-1,1,38,363007,2018-07-25 07:38:04:601
0,2,9,0,0,0,52,363507,2018-07-25 07:38:05:101
-1,2,10,0,0,0,52,364007,2018-07-25 07:38:05:601
0,2,10,0,0,0,38,364507,2018-07-25 07:38:06:101
0,2,10,0,0,0,38,365007,2018-07-25 07:38:06:601
-1,2,10,0,0,0,38,365507,2018-07-25 07:38:07:101
-1,2,10,0,0,0,36,366007,2018-07-25 07:38:07:601
-1,2,9,0,0,0,36,366507,2018-07-25 07:38:08:101
-1,2,10,0,0,0,36,367007,2018-07-25 07:38:08:601
-1,2,10,0,0,0,35,367507,2018-07-25 07:38:09:101
-1,2,10,0,0,0,35,368007,2018-07-25 07:38:09:601
-1,2,10,0,0,0,35,368507,2018-07-25 07:38:10:101
-1,2,10,0,0,0,35,369007,2018-07-25 07:38:10:601
-1,2,10,0,0,0,34,369507,2018-07-25 07:38:11:101
-1,2,10,0,0,0,34,370008,2018-07-25 07:38:11:602
-1,2,10,0,0,0,35,370507,2018-07-25 07:38:12:101
-1,2,10,0,0,0,35,371007,2018-07-25 07:38:12:601
2,1,9,1,0,-3,34,371508,2018-07-25 07:38:13:102
-2,0,8,0,0,6,34,372008,2018-07-25 07:38:13:602
-3,-2,9,0,0,0,35,372508,2018-07-25 07:38:14:102
-3,-1,9,0,0,0,36,373008,2018-07-25 07:38:14:602
-4,-1,9,0,0,0,36,373507,2018-07-25 07:38:15:101
-5,-1,8,-1,0,-1,37,374008,2018-07-25 07:38:15:602
-4,-1,9,0,0,0,38,374508,2018-07-25 07:38:16:102
-4,-1,9,0,0,0,37,375007,2018-07-25 07:38:16:601
-4,-1,9,0,0,0,36,375508,2018-07-25 07:38:17:102
-4,-1,9,0,0,0,36,376007,2018-07-25 07:38:17:601
-4,-2,9,0,0,0,36,376508,2018-07-25 07:38:18:102
-4,-2,8,0,0,0,36,377007,2018-07-25 07:38:18:601
-4,-1,9,0,0,0,36,377507,2018-07-25 07:38:19:101
-4,-2,9,1,0,0,36,378007,2018-07-25 07:38:19:601
-4,-2,9,0,0,0,36,378507,2018-07-25 07:38:20:101
-7,-1,8,-1,0,-1,36,379007,2018-07-25 07:38:20:601
4,0,6,0,0,-3,36,379508,2018-07-25 07:38:21:102
-8,6,4,-2,0,1,81,380008,2018-07-25 07:38:21:602
-1,9,4,0,0,0,81,380507,2018-07-25 07:38:22:101
-1,12,6,0,2,2,14,381008,2018-07-25 07:38:22:602
0,-1,12,1,-1,3,11,381507,2018-07-25 07:38:23:101
-1,2,10,0,0,0,19,382008,2018-07-25 07:38:23:602
-1,3,9,0,0,0,25,382507,2018-07-25 07:38:24:101
-1,2,10,0,0,0,25,383007,2018-07-25 07:38:24:601
-1,2,9,0,0,0,28,383508,2018-07-25 07:38:25:102
-1,2,9,0,0,0,26,384008,2018-07-25 07:38:25:602
-1,2,9,0,0,0,26,384508,2018-07-25 07:38:26:102
2,1,10,2,0,0,26,385008,2018-07-25 07:38:26:602
8,-4,19,4,-2,7,30,385508,2018-07-25 07:38:27:102
3,-1,9,0,0,0,56,386008,2018-07-25 07:38:27:602
4,-1,9,0,0,0,80,386507,2018-07-25 07:38:28:101
4,-1,9,0,0,0,82,387007,2018-07-25 07:38:28:601
4,-1,9,0,0,0,82,387508,2018-07-25 07:38:29:102
4,-1,9,0,0,0,86,388007,2018-07-25 07:38:29:601
5,-1,9,1,0,-1,85,388507,2018-07-25 07:38:30:101
5,-1,9,0,0,0,87,389007,2018-07-25 07:38:30:601
4,-1,9,0,0,0,87,389508,2018-07-25 07:38:31:102
5,-1,9,0,0,1,88,390008,2018-07-25 07:38:31:602
5,-1,8,0,0,0,91,390508,2018-07-25 07:38:32:102
6,-1,8,0,0,0,90,391007,2018-07-25 07:38:32:601
4,0,10,0,1,1,0,391507,2018-07-25 07:38:33:101
-1,-1,10,-1,-1,1,0,392007,2018-07-25 07:38:33:601
-1,1,9,0,0,0,17,392507,2018-07-25 07:38:34:101
-3,2,8,-2,0,-2,22,393007,2018-07-25 07:38:34:601
1,-1,6,-1,1,-3,35,393507,2018-07-25 07:38:35:101
3,-5,9,0,0,1,40,394007,2018-07-25 07:38:35:601
3,-4,8,0,0,0,40,394507,2018-07-25 07:38:36:101
2,-4,7,-1,1,-1,45,395007,2018-07-25 07:38:36:601
-3,3,18,-1,1,9,47,395508,2018-07-25 07:38:37:102
0,3,9,1,0,0,43,396008,2018-07-25 07:38:37:602
-1,4,9,0,0,0,43,396507,2018-07-25 07:38:38:101
0,4,10,0,0,0,37,397007,2018-07-25 07:38:38:601
0,3,9,0,0,0,32,397507,2018-07-25 07:38:39:101
0,3,9,0,0,0,32,398008,2018-07-25 07:38:39:602
0,3,9,0,0,0,35,398507,2018-07-25 07:38:40:101
0,3,9,0,0,0,35,399007,2018-07-25 07:38:40:601
0,3,9,0,0,0,37,399507,2018-07-25 07:38:41:101
0,3,10,0,0,0,38,400007,2018-07-25 07:38:41:601
0,3,9,0,0,0,38,400507,2018-07-25 07:38:42:101
0,3,9,0,0,0,37,401008,2018-07-25 07:38:42:602
-1,-2,9,2,1,0,37,401507,2018-07-25 07:38:43:101
0,-1,10,0,0,0,37,402007,2018-07-25 07:38:43:601
0,-1,10,0,0,0,50,402507,2018-07-25 07:38:44:101
0,-1,10,0,0,0,51,403007,2018-07-25 07:38:44:601
0,-1,10,0,0,0,51,403510,2018-07-25 07:38:45:104
0,-1,10,0,0,0,54,404008,2018-07-25 07:38:45:602
0,-1,10,0,0,0,53,404507,2018-07-25 07:38:46:101
0,-1,10,0,0,0,54,405008,2018-07-25 07:38:46:602
0,-1,10,0,0,0,54,405507,2018-07-25 07:38:47:101
0,-1,10,0,0,0,54,406008,2018-07-25 07:38:47:602
0,-1,10,0,0,0,54,406507,2018-07-25 07:38:48:101
0,-1,10,0,0,0,52,407008,2018-07-25 07:38:48:602
1,-1,10,0,0,0,52,407507,2018-07-25 07:38:49:101
1,-1,10,0,0,0,55,408008,2018-07-25 07:38:49:602
1,-1,10,0,0,0,55,408507,2018-07-25 07:38:50:101
1,-1,10,0,0,0,58,409007,2018-07-25 07:38:50:601
1,-1,10,0,0,0,57,409508,2018-07-25 07:38:51:102
1,-1,10,0,0,0,57,410008,2018-07-25 07:38:51:602
1,-1,10,0,0,0,57,410507,2018-07-25 07:38:52:101
1,-1,10,0,0,0,56,411007,2018-07-25 07:38:52:601
1,-1,10,0,0,0,55,411508,2018-07-25 07:38:53:102
1,-1,10,0,0,0,55,412007,2018-07-25 07:38:53:601
1,-1,10,0,0,0,59,412508,2018-07-25 07:38:54:102
1,-1,10,0,0,0,59,413008,2018-07-25 07:38:54:602
1,-1,10,0,0,0,57,413508,2018-07-25 07:38:55:102
1,-1,10,0,0,0,57,414008,2018-07-25 07:38:55:602
1,-1,10,0,0,0,57,414507,2018-07-25 07:38:56:101
1,-1,10,0,0,0,58,415008,2018-07-25 07:38:56:602
1,-1,10,0,0,0,58,415508,2018-07-25 07:38:57:102
1,-1,10,0,0,0,55,416007,2018-07-25 07:38:57:601
1,-1,10,0,0,0,55,416507,2018-07-25 07:38:58:101
0,-1,10,0,0,0,57,417007,2018-07-25 07:38:58:601
1,0,9,0,1,0,57,417508,2018-07-25 07:38:59:102
0,-1,10,0,0,0,59,418007,2018-07-25 07:38:59:601
0,-1,9,0,0,0,56,418507,2018-07-25 07:39:00:101
0,-1,10,-1,0,0,18,419007,2018-07-25 07:39:00:601
2,1,9,1,0,-1,11,419508,2018-07-25 07:39:01:102
0,2,10,0,1,1,11,420007,2018-07-25 07:39:01:601
0,1,10,1,0,0,51,420508,2018-07-25 07:39:02:102
-1,2,9,0,0,0,46,421008,2018-07-25 07:39:02:602
-1,3,8,0,0,-1,46,421508,2018-07-25 07:39:03:102
-2,2,9,0,0,0,40,422008,2018-07-25 07:39:03:602
-2,3,9,0,0,0,32,422507,2018-07-25 07:39:04:101
-2,2,9,0,0,0,21,423008,2018-07-25 07:39:04:602
-2,2,9,0,0,0,19,423507,2018-07-25 07:39:05:101
-2,3,9,0,0,0,19,424007,2018-07-25 07:39:05:601
-2,3,9,0,0,0,19,424507,2018-07-25 07:39:06:101
-2,2,9,0,0,0,24,425007,2018-07-25 07:39:06:601
-2,3,10,0,0,0,20,425507,2018-07-25 07:39:07:101
-1,3,9,0,0,0,20,426007,2018-07-25 07:39:07:601
-2,3,9,0,0,0,16,426507,2018-07-25 07:39:08:101
-2,3,9,0,0,0,16,427007,2018-07-25 07:39:08:601
-2,3,9,0,0,0,15,427508,2018-07-25 07:39:09:102
-2,3,9,0,0,0,15,428008,2018-07-25 07:39:09:602
-2,3,9,0,0,0,15,428507,2018-07-25 07:39:10:101
-2,3,9,0,0,0,19,429008,2018-07-25 07:39:10:602
-2,3,9,0,0,0,20,429508,2018-07-25 07:39:11:102
-2,3,9,0,0,0,20,430008,2018-07-25 07:39:11:602
-2,3,9,0,0,0,15,430507,2018-07-25 07:39:12:101
-2,3,9,0,0,0,14,431008,2018-07-25 07:39:12:602
-2,3,9,0,0,0,14,431508,2018-07-25 07:39:13:102
-2,3,9,0,0,0,18,432007,2018-07-25 07:39:13:601
-2,3,9,0,0,0,19,432507,2018-07-25 07:39:14:101
-2,3,9,0,0,0,19,433008,2018-07-25 07:39:14:602
-1,3,9,0,0,0,15,433507,2018-07-25 07:39:15:101
1,2,10,0,0,0,15,434007,2018-07-25 07:39:15:601
-1,3,9,0,0,0,60,434507,2018-07-25 07:39:16:101
-1,2,9,0,0,0,14,435007,2018-07-25 07:39:16:601
-1,2,10,0,0,0,14,435507,2018-07-25 07:39:17:101
-1,3,9,0,0,0,23,436007,2018-07-25 07:39:17:601
-1,3,9,0,0,0,25,436507,2018-07-25 07:39:18:101
-1,3,9,0,0,0,30,437007,2018-07-25 07:39:18:601
-1,3,9,0,0,0,29,437508,2018-07-25 07:39:19:102
-1,3,9,0,0,0,29,438008,2018-07-25 07:39:19:602
-1,3,9,0,0,0,29,438507,2018-07-25 07:39:20:101
-1,3,9,0,0,0,29,439008,2018-07-25 07:39:20:602
-1,3,9,0,0,0,29,439508,2018-07-25 07:39:21:102
-1,3,9,0,0,0,29,440008,2018-07-25 07:39:21:602
-1,3,9,0,0,0,24,440508,2018-07-25 07:39:22:102
-1,3,9,0,0,0,24,441008,2018-07-25 07:39:22:602
-2,4,8,0,0,0,25,441508,2018-07-25 07:39:23:102
-2,4,10,0,0,1,20,442008,2018-07-25 07:39:23:602
-2,3,9,0,0,0,20,442507,2018-07-25 07:39:24:101
-2,3,9,0,0,0,19,443007,2018-07-25 07:39:24:601
-2,3,9,0,0,0,14,443507,2018-07-25 07:39:25:101
-2,2,9,0,0,0,19,444007,2018-07-25 07:39:25:601
-2,3,9,0,0,0,20,444507,2018-07-25 07:39:26:101
-2,3,10,0,0,0,20,445007,2018-07-25 07:39:26:601
-1,2,9,-1,0,-1,20,445508,2018-07-25 07:39:27:102
0,2,9,1,0,0,16,446007,2018-07-25 07:39:27:601
-1,3,9,0,0,0,21,446508,2018-07-25 07:39:28:102
-1,3,9,0,0,0,21,447008,2018-07-25 07:39:28:602
-1,3,9,0,0,0,25,447508,2018-07-25 07:39:29:102
-2,3,9,0,0,0,29,448007,2018-07-25 07:39:29:601
-2,3,9,0,0,0,28,448508,2018-07-25 07:39:30:102
-2,3,9,0,0,0,28,449007,2018-07-25 07:39:30:601
-2,3,9,0,0,0,28,449507,2018-07-25 07:39:31:101
-2,3,9,0,0,0,28,450007,2018-07-25 07:39:31:601
-2,3,9,0,0,0,24,450507,2018-07-25 07:39:32:101
-2,3,9,0,0,0,24,451008,2018-07-25 07:39:32:602
-2,3,9,0,0,0,20,451507,2018-07-25 07:39:33:101
-2,3,9,0,0,0,24,452007,2018-07-25 07:39:33:601
-2,3,9,0,0,0,24,452507,2018-07-25 07:39:34:101
-2,3,9,0,0,0,20,453007,2018-07-25 07:39:34:601
-2,3,9,0,0,0,20,453507,2018-07-25 07:39:35:101
-2,3,9,0,0,0,20,454007,2018-07-25 07:39:35:601
-2,3,9,0,0,0,16,454507,2018-07-25 07:39:36:101
-2,3,9,0,0,0,16,455008,2018-07-25 07:39:36:602
-2,3,10,0,0,0,16,455508,2018-07-25 07:39:37:102
-2,3,9,0,0,0,20,456007,2018-07-25 07:39:37:601
0,2,10,0,0,0,20,456507,2018-07-25 07:39:38:101
0,1,10,0,0,0,20,457008,2018-07-25 07:39:38:602
1,1,10,0,0,0,31,457507,2018-07-25 07:39:39:101
1,1,10,0,0,0,37,458007,2018-07-25 07:39:39:601
0,1,10,0,0,0,48,458507,2018-07-25 07:39:40:101
-1,2,10,-1,0,0,46,459008,2018-07-25 07:39:40:602
0,1,10,0,0,0,46,459508,2018-07-25 07:39:41:102
0,1,10,0,0,0,44,460007,2018-07-25 07:39:41:601
0,1,10,0,0,0,42,460508,2018-07-25 07:39:42:102
0,2,10,0,0,0,42,461007,2018-07-25 07:39:42:601
-1,3,9,0,0,0,40,461507,2018-07-25 07:39:43:101
-1,2,10,0,0,0,38,462007,2018-07-25 07:39:43:601
-1,2,9,0,0,0,34,462507,2018-07-25 07:39:44:101
-1,2,9,0,0,0,26,463007,2018-07-25 07:39:44:601
-1,2,10,0,0,0,26,463507,2018-07-25 07:39:45:101
-1,2,10,0,0,0,25,464007,2018-07-25 07:39:45:601
-1,2,10,0,0,0,25,464507,2018-07-25 07:39:46:101
-1,2,10,0,0,0,30,465008,2018-07-25 07:39:46:602
-1,2,10,0,0,0,33,465507,2018-07-25 07:39:47:101
-1,2,10,0,0,0,34,466008,2018-07-25 07:39:47:602
-1,2,10,0,0,0,34,466508,2018-07-25 07:39:48:102
-1,2,10,0,0,0,34,467008,2018-07-25 07:39:48:602
-1,2,10,0,0,0,33,467508,2018-07-25 07:39:49:102
-1,2,10,0,0,0,33,468008,2018-07-25 07:39:49:602
-1,2,10,0,0,0,33,468508,2018-07-25 07:39:50:102
-1,2,10,0,0,0,32,469007,2018-07-25 07:39:50:601
-1,2,10,0,0,0,32,469507,2018-07-25 07:39:51:101
-1,2,10,0,0,0,31,470007,2018-07-25 07:39:51:601
-1,2,10,0,0,0,31,470507,2018-07-25 07:39:52:101
-1,2,10,0,0,0,32,471007,2018-07-25 07:39:52:601
-1,2,10,0,0,0,33,471507,2018-07-25 07:39:53:101
-1,2,10,0,0,0,33,472007,2018-07-25 07:39:53:601
-1,2,10,0,0,0,33,472507,2018-07-25 07:39:54:101
-1,2,10,0,0,0,34,473007,2018-07-25 07:39:54:601
-1,2,10,0,0,0,34,473507,2018-07-25 07:39:55:101
-1,2,10,0,0,0,34,474007,2018-07-25 07:39:55:601
-1,2,10,0,0,0,33,474507,2018-07-25 07:39:56:101
-1,2,10,0,0,0,33,475008,2018-07-25 07:39:56:602
-1,2,10,0,0,0,32,475508,2018-07-25 07:39:57:102
-1,2,10,0,0,0,33,476007,2018-07-25 07:39:57:601
-1,2,10,0,0,0,34,476508,2018-07-25 07:39:58:102
-1,2,10,0,0,0,34,477008,2018-07-25 07:39:58:602
-1,2,10,0,0,0,34,477508,2018-07-25 07:39:59:102
-1,2,10,0,0,0,33,478008,2018-07-25 07:39:59:602
-1,2,10,0,0,0,33,478508,2018-07-25 07:40:00:102
-1,2,10,0,0,0,33,479008,2018-07-25 07:40:00:602
-1,2,10,0,0,0,33,479508,2018-07-25 07:40:01:102
-1,2,10,0,0,0,33,480008,2018-07-25 07:40:01:602
-1,2,9,0,0,0,33,480508,2018-07-25 07:40:02:102
-1,2,10,0,0,0,33,481007,2018-07-25 07:40:02:601
-1,2,9,0,0,0,32,481507,2018-07-25 07:40:03:101
-1,2,10,0,0,0,32,482007,2018-07-25 07:40:03:601
-1,2,10,0,0,0,32,482508,2018-07-25 07:40:04:102
-1,2,10,0,0,0,33,483008,2018-07-25 07:40:04:602
-1,2,10,0,0,0,33,483508,2018-07-25 07:40:05:102
-1,2,10,0,0,0,33,484008,2018-07-25 07:40:05:602
-1,2,10,0,0,0,33,484507,2018-07-25 07:40:06:101
-1,2,10,0,0,0,32,485007,2018-07-25 07:40:06:601
-1,2,10,0,0,0,32,485508,2018-07-25 07:40:07:102
-1,2,10,0,0,0,32,486007,2018-07-25 07:40:07:601
-1,2,10,0,0,0,32,486508,2018-07-25 07:40:08:102
-1,2,10,0,0,0,33,487007,2018-07-25 07:40:08:601
-1,2,10,0,0,0,33,487508,2018-07-25 07:40:09:102
-1,2,10,0,0,0,33,488007,2018-07-25 07:40:09:601
-1,2,10,0,0,0,32,488508,2018-07-25 07:40:10:102
0,1,9,0,0,0,32,489007,2018-07-25 07:40:10:601
0,1,10,0,0,0,33,489508,2018-07-25 07:40:11:102
0,1,10,0,0,0,35,490008,2018-07-25 07:40:11:602
0,1,10,0,0,0,37,490508,2018-07-25 07:40:12:102
0,1,10,0,0,0,39,491008,2018-07-25 07:40:12:602
0,1,10,0,0,0,39,491507,2018-07-25 07:40:13:101
0,1,10,0,0,0,39,492007,2018-07-25 07:40:13:601
-1,1,8,0,0,-1,40,492508,2018-07-25 07:40:14:102
1,1,7,0,0,-3,41,493007,2018-07-25 07:40:14:601
0,-1,10,1,0,0,41,493508,2018-07-25 07:40:15:102
0,-1,10,0,0,0,44,494007,2018-07-25 07:40:15:601
0,-1,10,0,0,0,51,494508,2018-07-25 07:40:16:102
0,-1,10,0,0,0,53,495008,2018-07-25 07:40:16:602
0,-1,10,0,0,0,51,495508,2018-07-25 07:40:17:102
1,-1,10,0,0,0,51,496008,2018-07-25 07:40:17:602
0,-1,10,0,0,0,53,496508,2018-07-25 07:40:18:102
0,-1,10,0,0,0,51,497007,2018-07-25 07:40:18:601
0,-1,10,0,0,0,51,497507,2018-07-25 07:40:19:101
0,-1,10,0,0,0,51,498007,2018-07-25 07:40:19:601
1,-1,10,0,0,0,51,498508,2018-07-25 07:40:20:102
0,-1,10,0,0,0,50,499008,2018-07-25 07:40:20:602
1,-1,10,0,0,0,48,499507,2018-07-25 07:40:21:101
1,-1,10,0,0,0,47,500007,2018-07-25 07:40:21:601
1,0,11,0,1,1,47,500508,2018-07-25 07:40:22:102
1,-1,10,0,0,0,47,501008,2018-07-25 07:40:22:602
1,-1,10,0,0,0,55,501508,2018-07-25 07:40:23:102
1,-1,10,0,0,0,55,502007,2018-07-25 07:40:23:601
1,-1,10,0,0,0,54,502508,2018-07-25 07:40:24:102
1,-1,10,0,0,0,54,503008,2018-07-25 07:40:24:602
1,-1,10,0,0,0,57,503508,2018-07-25 07:40:25:102
1,-2,10,0,0,0,57,504007,2018-07-25 07:40:25:601
1,-1,9,0,0,-1,54,504508,2018-07-25 07:40:26:102
1,1,9,1,-1,0,54,505008,2018-07-25 07:40:26:602
0,2,10,-1,-1,0,37,505508,2018-07-25 07:40:27:102
0,2,9,0,0,0,40,506007,2018-07-25 07:40:27:601
0,2,9,0,0,0,41,506507,2018-07-25 07:40:28:101
0,2,9,0,0,0,41,507007,2018-07-25 07:40:28:601
0,2,10,0,0,0,41,507507,2018-07-25 07:40:29:101
0,2,10,0,0,0,40,508008,2018-07-25 07:40:29:602
1,2,10,0,0,1,39,508508,2018-07-25 07:40:30:102
0,2,9,0,0,0,41,509007,2018-07-25 07:40:30:601
0,2,10,0,0,0,43,509507,2018-07-25 07:40:31:101
-1,3,9,0,0,0,43,510007,2018-07-25 07:40:31:601
-1,3,9,0,0,0,43,510507,2018-07-25 07:40:32:101
-1,3,9,0,0,0,38,511008,2018-07-25 07:40:32:602
-1,3,9,0,0,0,33,511507,2018-07-25 07:40:33:101
0,3,9,0,0,0,33,512008,2018-07-25 07:40:33:602
-1,3,9,0,0,0,31,512507,2018-07-25 07:40:34:101
-1,3,9,0,0,0,32,513007,2018-07-25 07:40:34:601
-2,3,9,-1,0,0,32,513508,2018-07-25 07:40:35:102
-1,3,9,0,0,0,32,514008,2018-07-25 07:40:35:602
-1,3,9,0,0,0,32,514507,2018-07-25 07:40:36:101
-1,3,9,0,0,0,32,515007,2018-07-25 07:40:36:601
-1,3,9,0,0,0,32,515507,2018-07-25 07:40:37:101
-1,3,9,0,0,0,32,516008,2018-07-25 07:40:37:602
-1,3,9,0,0,0,32,516508,2018-07-25 07:40:38:102
-1,3,9,0,0,0,32,517007,2018-07-25 07:40:38:601
-1,3,9,0,0,0,32,517508,2018-07-25 07:40:39:102
-1,3,9,0,0,0,31,518008,2018-07-25 07:40:39:602
-1,3,9,0,0,0,31,518508,2018-07-25 07:40:40:102
-1,3,9,0,0,0,31,519007,2018-07-25 07:40:40:601
-1,3,9,0,0,0,31,519508,2018-07-25 07:40:41:102
-1,3,9,0,0,0,32,520007,2018-07-25 07:40:41:601
-1,3,9,0,0,0,32,520507,2018-07-25 07:40:42:101
-1,3,9,0,0,0,32,521007,2018-07-25 07:40:42:601
-1,3,9,0,0,0,32,521507,2018-07-25 07:40:43:101
-1,3,9,0,0,0,31,522008,2018-07-25 07:40:43:602
-1,3,9,0,0,0,31,522507,2018-07-25 07:40:44:101
-1,3,9,0,0,0,31,523008,2018-07-25 07:40:44:602
-1,3,9,0,0,0,32,523508,2018-07-25 07:40:45:102
-1,3,9,0,0,0,32,524007,2018-07-25 07:40:45:601
-1,3,9,0,0,0,33,524508,2018-07-25 07:40:46:102
-1,3,10,0,0,0,33,525007,2018-07-25 07:40:46:601
-1,3,10,0,0,0,33,525507,2018-07-25 07:40:47:101
-1,3,9,0,0,0,33,526007,2018-07-25 07:40:47:601
0,3,9,0,0,0,34,526508,2018-07-25 07:40:48:102
0,2,10,0,0,0,35,527008,2018-07-25 07:40:48:602
0,3,9,0,0,0,36,527507,2018-07-25 07:40:49:101
0,3,10,0,0,0,36,528008,2018-07-25 07:40:49:602
0,3,9,0,0,0,36,528508,2018-07-25 07:40:50:102
0,3,10,0,0,0,36,529008,2018-07-25 07:40:50:602
0,2,9,1,-1,-1,35,529507,2018-07-25 07:40:51:101
-2,3,14,0,2,4,35,530007,2018-07-25 07:40:51:601
1,2,7,1,-1,-2,34,530508,2018-07-25 07:40:52:102
0,2,10,0,1,0,34,531008,2018-07-25 07:40:52:602
0,2,11,0,0,1,27,531508,2018-07-25 07:40:53:102
0,3,11,0,0,2,20,532008,2018-07-25 07:40:53:602
0,3,8,0,0,-1,16,532508,2018-07-25 07:40:54:102
-1,2,16,-1,0,6,16,533007,2018-07-25 07:40:54:601
0,4,9,0,0,0,16,533507,2018-07-25 07:40:55:101
1,3,9,1,0,0,20,534008,2018-07-25 07:40:55:602
-1,4,9,0,0,0,27,534507,2018-07-25 07:40:56:101
-1,3,10,0,0,1,85,535008,2018-07-25 07:40:56:602
-1,3,9,0,0,-1,85,535507,2018-07-25 07:40:57:101
-1,3,9,0,0,0,115,536007,2018-07-25 07:40:57:601
-1,3,9,0,0,0,112,536507,2018-07-25 07:40:58:101
-1,3,10,0,0,0,112,537007,2018-07-25 07:40:58:601
-1,2,9,0,0,0,113,537507,2018-07-25 07:40:59:101
-1,2,10,0,0,0,113,538007,2018-07-25 07:40:59:601
-1,2,10,0,0,0,121,538509,2018-07-25 07:41:00:103
-1,2,10,0,0,0,124,539007,2018-07-25 07:41:00:601
-1,2,10,0,0,0,123,539508,2018-07-25 07:41:01:102
-1,2,10,0,0,0,123,540008,2018-07-25 07:41:01:602
-1,2,10,0,0,0,134,540507,2018-07-25 07:41:02:101
-1,2,10,0,0,0,145,541007,2018-07-25 07:41:02:601
0,2,8,0,-1,-1,142,541507,2018-07-25 07:41:03:101
0,2,8,0,0,-1,94,542008,2018-07-25 07:41:03:602
-1,3,8,0,1,-2,94,542508,2018-07-25 07:41:04:102
1,3,9,1,0,-1,85,543008,2018-07-25 07:41:04:602
-3,1,9,-1,-1,-1,98,543508,2018-07-25 07:41:05:102
-1,2,11,0,1,0,98,544009,2018-07-25 07:41:05:603
1,2,10,1,0,1,42,544507,2018-07-25 07:41:06:101
1,2,8,1,-1,-1,33,545008,2018-07-25 07:41:06:602
-1,5,9,-2,2,-1,26,545507,2018-07-25 07:41:07:101
1,4,7,-1,1,-3,15,546008,2018-07-25 07:41:07:602
1,4,6,0,0,-2,10,546508,2018-07-25 07:41:08:102
0,5,9,0,1,0,10,547007,2018-07-25 07:41:08:601
2,3,7,0,-1,-2,9,547508,2018-07-25 07:41:09:102
-1,4,7,0,0,-2,15,548008,2018-07-25 07:41:09:602
1,4,8,2,-1,0,220,548508,2018-07-25 07:41:10:102
0,4,8,1,-1,1,16,549008,2018-07-25 07:41:10:602
3,4,8,2,0,-1,16,549508,2018-07-25 07:41:11:102
-1,3,4,-1,-1,-4,70,550007,2018-07-25 07:41:11:601
2,1,11,2,-1,1,147,550508,2018-07-25 07:41:12:102
0,1,9,0,-1,0,147,551008,2018-07-25 07:41:12:602
1,2,7,1,-1,-2,161,551508,2018-07-25 07:41:13:102
1,2,5,1,0,-4,9,552008,2018-07-25 07:41:13:602
-1,2,8,0,0,-2,9,552507,2018-07-25 07:41:14:101
-2,1,6,-1,-2,-3,10,553007,2018-07-25 07:41:14:601
-2,2,12,-2,-2,3,12,553508,2018-07-25 07:41:15:102
1,4,9,0,1,-1,12,554007,2018-07-25 07:41:15:601
-2,2,7,-2,-2,-2,111,554507,2018-07-25 07:41:16:101
-2,2,10,-3,-2,1,31,555007,2018-07-25 07:41:16:601
-1,1,11,-1,-2,2,31,555507,2018-07-25 07:41:17:101
1,4,11,1,1,1,27,556008,2018-07-25 07:41:17:602
0,3,7,1,0,-2,27,556508,2018-07-25 07:41:18:102
-2,3,11,-1,-1,2,27,557008,2018-07-25 07:41:18:602
-2,5,11,-1,0,3,31,557508,2018-07-25 07:41:19:102
-6,7,11,-4,1,2,31,558008,2018-07-25 07:41:19:602
2,6,7,1,0,-1,22,558508,2018-07-25 07:41:20:102
2,7,10,1,0,1,13,559008,2018-07-25 07:41:20:602
4,4,8,3,-2,1,9,559507,2018-07-25 07:41:21:101
0,4,11,1,0,3,150,560008,2018-07-25 07:41:21:602
0,4,10,0,-1,3,186,560508,2018-07-25 07:41:22:102
0,8,10,0,3,1,186,561008,2018-07-25 07:41:22:602
1,6,4,0,1,-4,66,561508,2018-07-25 07:41:23:102
2,5,3,2,-1,-5,32,562008,2018-07-25 07:41:23:602
-3,6,5,-2,0,-2,32,562508,2018-07-25 07:41:24:102
0,4,3,1,-5,-2,19,563007,2018-07-25 07:41:24:601
-1,9,6,0,0,1,19,563507,2018-07-25 07:41:25:101
1,8,6,1,0,0,14,564008,2018-07-25 07:41:25:602
0,6,9,0,0,1,17,564508,2018-07-25 07:41:26:102
-5,5,9,-4,0,1,17,565007,2018-07-25 07:41:26:601
1,4,11,1,-1,3,16,565507,2018-07-25 07:41:27:101
2,5,8,1,0,0,16,566008,2018-07-25 07:41:27:602
4,2,12,2,-2,3,16,566508,2018-07-25 07:41:28:102
0,0,8,0,-4,1,16,567007,2018-07-25 07:41:28:601
-3,1,8,-3,-2,-2,23,567507,2018-07-25 07:41:29:101
